iso_code,date,continent,location,new_deaths_smoothed,new_deaths_smoothed_per_million,reproduction_rate,C1_combined_numeric,C1_combined,C2_combined_numeric,C2_combined,C3_combined_numeric,C3_combined,C4_combined_numeric,C4_combined,C5_combined_numeric,C5_combined,C6_combined_numeric,C6_combined,C7_combined_numeric,C7_combined,C8_combined_numeric,C8_combined,E1_combined_numeric,E1_combined,E2_combined_numeric,E2_combined,H1_combined_numeric,H1_combined,H2_combined_numeric,H2_combined,H3_combined_numeric,H3_combined,H6_combined_numeric,H6_combined,H7_combined_numeric,H7_combined,H8_combined_numeric,H8_combined
NLD,2020-02-27,Europe,Netherlands,,,,0,0,0,0,0,0,0,0,0,0,0,0,0,0,0,0,0,0,0,0,1,1G,1,1,2,2,0,0,0,0,0,0
NLD,2020-02-28,Europe,Netherlands,,,,0,0,0,0,0,0,0,0,0,0,0,0,0,0,0,0,0,0,0,0,1,1G,1,1,2,2,0,0,0,0,0,0
NLD,2020-02-29,Europe,Netherlands,,,,0,0,0,0,0,0,0,0,0,0,0,0,0,0,0,0,0,0,0,0,1,1G,1,1,2,2,0,0,0,0,0,0
NLD,2020-03-01,Europe,Netherlands,,,,0,0,0,0,0,0,0,0,0,0,0,0,0,0,0,0,0,0,0,0,1,1G,1,1,2,2,0,0,0,0,0,0
NLD,2020-03-02,Europe,Netherlands,,,,0,0,0,0,0,0,0,0,0,0,0,0,0,0,0,0,0,0,0,0,1,1G,1,1,2,2,0,0,0,0,0,0
NLD,2020-03-03,Europe,Netherlands,0,0,,0,0,0,0,0,0,0,0,0,0,0,0,0,0,0,0,0,0,0,0,1,1G,1,1,2,2,0,0,0,0,0,0
NLD,2020-03-04,Europe,Netherlands,0,0,,0,0,0,0,0,0,0,0,0,0,0,0,0,0,0,0,0,0,0,0,1,1G,1,1,2,2,0,0,0,0,0,0
NLD,2020-03-05,Europe,Netherlands,0,0,,0,0,0,0,0,0,0,0,0,0,0,0,0,0,0,0,0,0,0,0,1,1G,1,1,2,2,0,0,0,0,0,0
NLD,2020-03-06,Europe,Netherlands,0.143,0.008,,0,0,0,0,0,0,0,0,0,0,0,0,0,0,0,0,0,0,0,0,2,2G,1,1,2,2,0,0,0,0,0,0
NLD,2020-03-07,Europe,Netherlands,0.143,0.008,2.87,0,0,0,0,0,0,0,0,0,0,0,0,0,0,0,0,0,0,0,0,2,2G,1,1,2,2,0,0,0,0,0,0
NLD,2020-03-08,Europe,Netherlands,0.429,0.025,2.81,0,0,0,0,0,0,0,0,0,0,0,0,0,0,0,0,0,0,0,0,2,2G,1,1,2,2,0,0,0,0,0,0
NLD,2020-03-09,Europe,Netherlands,0.429,0.025,2.7,0,0,0,0,0,0,0,0,0,0,0,0,0,0,0,0,0,0,0,0,2,2G,1,1,2,2,0,0,0,0,1,1G
NLD,2020-03-10,Europe,Netherlands,0.571,0.033,2.64,0,0,0,0,1.5,2T,0.5,1T,0,0,0,0,0,0,0,0,0,0,0,0,2,2G,1,1,2,2,0,0,0,0,1,1G
NLD,2020-03-11,Europe,Netherlands,0.714,0.042,2.64,0,0,0,0,1.5,2T,0.5,1T,0,0,0,0,0,0,0,0,0,0,0,0,2,2G,1,1,2,2,0,0,0,0,1,1G
NLD,2020-03-12,Europe,Netherlands,0.714,0.042,2.63,1,1G,2,2G,2,2G,3,3G,0,0,1,1G,0,0,0,0,0,0,0,0,2,2G,1,1,1,1,0,0,0,0,1,1G
NLD,2020-03-13,Europe,Netherlands,1.286,0.075,2.71,1,1G,2,2G,2,2G,3,3G,0,0,1,1G,0,0,3,3,0,0,0,0,2,2G,1,1,1,1,0,0,0,0,1,1G
NLD,2020-03-14,Europe,Netherlands,1.571,0.092,2.61,1,1G,2,2G,2,2G,3,3G,0,0,1,1G,0,0,3,3,0,0,0,0,2,2G,1,1,1,1,0,0,0,0,1,1G
NLD,2020-03-15,Europe,Netherlands,2.429,0.142,2.55,1,1G,2,2G,2,2G,3,3G,0,0,1,1G,0,0,3,3,0,0,0,0,2,2G,1,1,1,1,0,0,0,0,1,1G
NLD,2020-03-16,Europe,Netherlands,3,0.175,2.54,3,3G,2,2G,2,2G,3,3G,0,0,1,1G,0,0,3,3,0,0,0,0,2,2G,1,1,1,1,0,0,0,0,1,1G
NLD,2020-03-17,Europe,Netherlands,5.571,0.325,2.47,3,3G,2,2G,2,2G,3,3G,0,0,1,1G,0,0,3,3,1.5,2F,0,0,2,2G,1,1,1,1,0,0,0,0,1,1G
NLD,2020-03-18,Europe,Netherlands,7.571,0.442,2.39,3,3G,2,2G,2,2G,3,3G,0,0,1,1G,0,0,3,3,1.5,2F,0,0,2,2G,1,1,1,1,0,0,0,0,1,1G
NLD,2020-03-19,Europe,Netherlands,10.286,0.6,2.31,3,3G,2,2G,2,2G,3,3G,0,0,1,1G,0,0,3,3,1.5,2F,0,0,2,2G,1,1,1,1,0,0,0,0,1,1G
NLD,2020-03-20,Europe,Netherlands,13.857,0.809,2.18,3,3G,2,2G,2,2G,3,3G,0,0,1,1G,0,0,3,3,1.5,2F,0,0,2,2G,1,1,1,1,0,0,0,0,3,3G
NLD,2020-03-21,Europe,Netherlands,17.857,1.042,2.14,3,3G,2,2G,2,2G,3,3G,0,0,1,1G,0,0,3,3,1.5,2F,0,0,2,2G,1,1,1,1,0,0,0,0,3,3G
NLD,2020-03-22,Europe,Netherlands,22.857,1.334,2.09,3,3G,2,2G,2,2G,3,3G,0,0,1,1G,0,0,3,3,1.5,2F,0,0,2,2G,1,1,1,1,0,0,0,0,3,3G
NLD,2020-03-23,Europe,Netherlands,27.143,1.584,2.04,3,3G,2,2G,2,2G,4,4G,1,1G,2,2G,1,1G,3,3,1.5,2F,0,0,2,2G,1,1,1,1,0,0,0,0,3,3G
NLD,2020-03-24,Europe,Netherlands,33.429,1.951,2.01,3,3G,2,2G,2,2G,4,4G,1,1G,2,2G,1,1G,3,3,1.5,2F,0,0,2,2G,1,1,1,1,0,0,0,0,3,3G
NLD,2020-03-25,Europe,Netherlands,42.714,2.493,1.94,3,3G,2,2G,2,2G,4,4G,1,1G,2,2G,1,1G,3,3,1.5,2F,0,0,2,2G,1,1,1,1,0,0,0,0,3,3G
NLD,2020-03-26,Europe,Netherlands,51.143,2.985,1.85,3,3G,2,2G,2,2G,4,4G,1,1G,2,2G,1,1G,3,3,1.5,2F,2,2,2,2G,1,1,1,1,0,0,0,0,3,3G
NLD,2020-03-27,Europe,Netherlands,62.857,3.668,1.73,3,3G,2,2G,2,2G,4,4G,1,1G,2,2G,1,1G,3,3,1.5,2F,2,2,2,2G,1,1,1,1,0,0,0,0,3,3G
NLD,2020-03-28,Europe,Netherlands,71.857,4.194,1.64,3,3G,2,2G,2,2G,4,4G,1,1G,2,2G,1,1G,3,3,1.5,2F,2,2,2,2G,1,1,1,1,0,0,0,0,3,3G
NLD,2020-03-29,Europe,Netherlands,84.571,4.936,1.55,3,3G,2,2G,2,2G,4,4G,1,1G,2,2G,1,1G,3,3,1.5,2F,2,2,2,2G,1,1,1,1,0,0,0,0,3,3G
NLD,2020-03-30,Europe,Netherlands,93,5.428,1.47,3,3G,2,2G,2,2G,4,4G,1,1G,2,2G,1,1G,3,3,1.5,2F,2,2,2,2G,1,1,1,1,0,0,0,0,3,3G
NLD,2020-03-31,Europe,Netherlands,109,6.361,1.39,3,3G,2,2G,2,2G,4,4G,1,1G,2,2G,1,1G,3,3,1.5,2F,2,2,2,2G,1,1,1,1,0,0,0,0,3,3G
NLD,2020-04-01,Europe,Netherlands,116.857,6.82,1.32,3,3G,2,2G,2,2G,4,4G,1,1G,2,2G,1,1G,3,3,1.5,2F,2,2,2,2G,1,1,1,1,0,0,0,0,3,3G
NLD,2020-04-02,Europe,Netherlands,129.429,7.554,1.25,3,3G,2,2G,2,2G,4,4G,1,1G,2,2G,1,1G,3,3,1.5,2F,2,2,2,2G,1,1,1,1,0,0,0,0,3,3G
NLD,2020-04-03,Europe,Netherlands,134.714,7.862,1.19,3,3G,2,2G,2,2G,4,4G,1,1G,2,2G,1,1G,3,3,1.5,2F,2,2,2,2G,1,1,1,1,0,0,0,0,3,3G
NLD,2020-04-04,Europe,Netherlands,145.143,8.471,1.16,3,3G,2,2G,2,2G,4,4G,1,1G,2,2G,1,1G,3,3,1.5,2F,2,2,2,2G,1,1,1,1,0,0,0,0,3,3G
NLD,2020-04-05,Europe,Netherlands,142.714,8.329,1.17,3,3G,2,2G,2,2G,4,4G,1,1G,2,2G,1,1G,3,3,1.5,2F,2,2,2,2G,1,1,1,1,0,0,0,0,3,3G
NLD,2020-04-06,Europe,Netherlands,144.143,8.412,1.17,3,3G,2,2G,2,2G,4,4G,1,1G,2,2G,1,1G,3,3,1.5,2F,2,2,2,2G,1,1,1,1,0,0,0,0,3,3G
NLD,2020-04-07,Europe,Netherlands,152.571,8.904,1.15,3,3G,2,2G,2,2G,4,4G,1,1G,2,2G,1,1G,3,3,1.5,2F,2,2,2,2G,1,1,1,1,0,0,0,0,3,3G
NLD,2020-04-08,Europe,Netherlands,154.286,9.004,1.14,3,3G,2,2G,2,2G,4,4G,1,1G,2,2G,1,1G,3,3,1.5,2F,2,2,2,2G,1,1,1,1,0,0,0,0,3,3G
NLD,2020-04-09,Europe,Netherlands,151.714,8.854,1.13,3,3G,2,2G,2,2G,4,4G,1,1G,2,2G,1,1G,3,3,1.5,2F,2,2,2,2G,1,1,1,1,0,0,0,0,3,3G
NLD,2020-04-10,Europe,Netherlands,147.143,8.587,1.11,3,3G,2,2G,2,2G,4,4G,1,1G,2,2G,1,1G,3,3,1.5,2F,2,2,2,2G,1,1,1,1,0,0,0,0,3,3G
NLD,2020-04-11,Europe,Netherlands,142.429,8.312,1.1,3,3G,2,2G,2,2G,4,4G,1,1G,2,2G,1,1G,3,3,1.5,2F,2,2,2,2G,1,1,1,1,0,0,0,0,3,3G
NLD,2020-04-12,Europe,Netherlands,139.429,8.137,1.07,3,3G,2,2G,2,2G,4,4G,1,1G,2,2G,1,1G,3,3,1.5,2F,2,2,2,2G,1,1,1,1,0,0,0,0,3,3G
NLD,2020-04-13,Europe,Netherlands,137,7.995,1.04,3,3G,2,2G,2,2G,4,4G,1,1G,2,2G,1,1G,3,3,1.5,2F,2,2,2,2G,1,1,1,1,0,0,0,0,3,3G
NLD,2020-04-14,Europe,Netherlands,121,7.062,1.01,3,3G,2,2G,2,2G,4,4G,1,1G,2,2G,1,1G,3,3,1.5,2F,2,2,2,2G,1,1,1,1,0,0,0,0,3,3G
NLD,2020-04-15,Europe,Netherlands,127.143,7.42,0.98,3,3G,2,2G,2,2G,4,4G,1,1G,2,2G,1,1G,3,3,1.5,2F,2,2,2,2G,1,1,1,1,0,0,0,0,3,3G
NLD,2020-04-16,Europe,Netherlands,132,7.704,0.97,3,3G,2,2G,2,2G,4,4G,1,1G,2,2G,1,1G,3,3,1.5,2F,2,2,2,2G,1,1,1,1,0,0,0,0,3,3G
NLD,2020-04-17,Europe,Netherlands,135.857,7.929,0.96,3,3G,2,2G,2,2G,4,4G,1,1G,2,2G,1,1G,3,3,1.5,2F,2,2,2,2G,1,1,1,1,0,0,0,0,3,3G
NLD,2020-04-18,Europe,Netherlands,137.143,8.004,0.94,3,3G,2,2G,2,2G,4,4G,1,1G,2,2G,1,1G,3,3,1.5,2F,2,2,2,2G,1,1,1,1,0,0,0,0,3,3G
NLD,2020-04-19,Europe,Netherlands,135.714,7.92,0.92,3,3G,2,2G,2,2G,4,4G,1,1G,2,2G,1,1G,3,3,1.5,2F,2,2,2,2G,1,1,1,1,0,0,0,0,3,3G
NLD,2020-04-20,Europe,Netherlands,133,7.762,0.89,3,3G,2,2G,2,2G,4,4G,1,1G,2,2G,1,1G,3,3,1.5,2F,2,2,2,2G,1,1,1,1,0,0,0,0,3,3G
NLD,2020-04-21,Europe,Netherlands,139.143,8.12,0.86,3,3G,2,2G,2,2G,4,4G,1,1G,2,2G,1,1G,3,3,1.5,2F,2,2,2,2G,1,1,1,1,0,0,0,0,3,3G
NLD,2020-04-22,Europe,Netherlands,131.857,7.695,0.82,3,3G,2,2G,2,2G,4,4G,1,1G,2,2G,1,1G,3,3,1.5,2F,2,2,2,2G,1,1,1,1,0,0,0,0,3,3G
NLD,2020-04-23,Europe,Netherlands,123.571,7.212,0.78,3,3G,2,2G,2,2G,4,4G,1,1G,2,2G,1,1G,3,3,1.5,2F,2,2,2,2G,1,1,1,1,0,0,0,0,3,3G
NLD,2020-04-24,Europe,Netherlands,119,6.945,0.74,3,3G,2,2G,2,2G,4,4G,1,1G,2,2G,1,1G,3,3,1.5,2F,2,2,2,2G,1,1,1,1,0,0,0,0,3,3G
NLD,2020-04-25,Europe,Netherlands,115.857,6.761,0.71,3,3G,2,2G,2,2G,4,4G,1,1G,2,2G,1,1G,3,3,1.5,2F,2,2,2,2G,1,1,1,1,0,0,0,0,3,3G
NLD,2020-04-26,Europe,Netherlands,113.429,6.62,0.68,3,3G,2,2G,2,2G,4,4G,1,1G,2,2G,1,1G,3,3,1.5,2F,2,2,2,2G,1,1,1,1,0,0,0,0,3,3G
NLD,2020-04-27,Europe,Netherlands,110,6.42,0.66,3,3G,2,2G,2,2G,4,4G,1,1G,2,2G,1,1G,3,3,1.5,2F,2,2,2,2G,1,1,1,1,0,0,0,0,3,3G
NLD,2020-04-28,Europe,Netherlands,93.286,5.444,0.63,3,3G,2,2G,2,2G,4,4G,1,1G,2,2G,1,1G,3,3,1.5,2F,2,2,2,2G,1,1,1,1,0,0,0,0,3,3G
NLD,2020-04-29,Europe,Netherlands,94.143,5.494,0.63,3,3G,2,2G,2,2G,4,4G,1,1G,2,2G,1,1G,3,3,1.5,2F,2,2,2,2G,1,1,1,1,0,0,0,0,3,3G
NLD,2020-04-30,Europe,Netherlands,88.429,5.161,0.62,3,3G,2,2G,2,2G,4,4G,1,1G,2,2G,1,1G,3,3,1.5,2F,2,2,2,2G,1,1,1,1,0,0,0,0,3,3G
NLD,2020-05-01,Europe,Netherlands,86.429,5.044,0.62,3,3G,2,2G,2,2G,4,4G,1,1G,2,2G,1,1G,3,3,1.5,2F,2,2,2,2G,1,1,1,1,0,0,0,0,3,3G
NLD,2020-05-02,Europe,Netherlands,82.714,4.827,0.63,3,3G,2,2G,2,2G,4,4G,1,1G,2,2G,1,1G,3,3,1.5,2F,2,2,2,2G,1,1,1,1,0,0,0,0,3,3G
NLD,2020-05-03,Europe,Netherlands,83,4.844,0.63,3,3G,2,2G,2,2G,4,4G,1,1G,2,2G,1,1G,3,3,1.5,2F,2,2,2,2G,1,1,1,1,0,0,0,0,3,3G
NLD,2020-05-04,Europe,Netherlands,80.571,4.702,0.64,3,3G,2,2G,2,2G,4,4G,1,1G,2,2G,1,1G,3,3,1.5,2F,2,2,2,2G,1,1,1,1,0,0,0,0,3,3G
NLD,2020-05-05,Europe,Netherlands,86.143,5.027,0.65,3,3G,2,2G,2,2G,4,4G,1,1G,2,2G,1,1G,3,3,1.5,2F,2,2,2,2G,1,1,1,1,0,0,0,0,3,3G
NLD,2020-05-06,Europe,Netherlands,70.571,4.119,0.65,3,3G,2,2G,2,2G,4,4G,1,1G,2,2G,1,1G,3,3,1.5,2F,2,2,2,2G,1,1,1,1,0,0,0,0,3,3G
NLD,2020-05-07,Europe,Netherlands,70.714,4.127,0.66,3,3G,2,2G,2,2G,4,4G,1,1G,2,2G,1,1G,3,3,1.5,2F,2,2,2,2G,1,1,1,1,0,0,0,0,3,3G
NLD,2020-05-08,Europe,Netherlands,66.857,3.902,0.65,3,3G,2,2G,2,2G,4,4G,1,1G,2,2G,1,1G,3,3,1.5,2F,2,2,2,2G,1,1,1,1,0,0,0,0,3,3G
NLD,2020-05-09,Europe,Netherlands,62.571,3.652,0.65,3,3G,2,2G,2,2G,4,4G,1,1G,2,2G,1,1G,3,3,1.5,2F,2,2,2,2G,1,1,1,1,0,0,0,0,3,3G
NLD,2020-05-10,Europe,Netherlands,55.286,3.227,0.65,3,3G,2,2G,2,2G,4,4G,1,1G,2,2G,1,1G,3,3,1.5,2F,2,2,2,2G,1,1,1,1,0,0,0,0,3,3G
NLD,2020-05-11,Europe,Netherlands,53.857,3.143,0.65,2,2G,2,2G,2,2G,4,4G,1,1G,1,1G,1,1G,3,3,1.5,2F,2,2,2,2G,1,1,1,1,0,0,0,0,3,3G
NLD,2020-05-12,Europe,Netherlands,49.143,2.868,0.66,2,2G,2,2G,2,2G,4,4G,1,1G,1,1G,1,1G,3,3,1.5,2F,2,2,2,2G,1,1,1,1,0,0,0,0,3,3G
NLD,2020-05-13,Europe,Netherlands,51.429,3.001,0.65,2,2G,2,2G,2,2G,4,4G,1,1G,1,1G,1,1G,3,3,1.5,2F,2,2,2,2G,1,1,1,1,0,0,0,0,3,3G
NLD,2020-05-14,Europe,Netherlands,43.286,2.526,0.65,2,2G,2,2G,2,2G,4,4G,1,1G,1,1G,1,1G,3,3,1.5,2F,2,2,2,2G,1,1,1,1,0,0,0,0,3,3G
NLD,2020-05-15,Europe,Netherlands,40.714,2.376,0.65,2,2G,2,2G,2,2G,4,4G,1,1G,1,1G,1,1G,3,3,1.5,2F,2,2,2,2G,1,1,1,1,0,0,0,0,3,3G
NLD,2020-05-16,Europe,Netherlands,35.429,2.068,0.65,2,2G,2,2G,2,2G,4,4G,1,1G,1,1G,1,1G,3,3,1.5,2F,2,2,2,2G,1,1,1,1,0,0,0,0,3,3G
NLD,2020-05-17,Europe,Netherlands,34.286,2.001,0.66,2,2G,2,2G,2,2G,4,4G,1,1G,1,1G,1,1G,3,3,1.5,2F,2,2,2,2G,1,1,1,1,0,0,0,0,3,3G
NLD,2020-05-18,Europe,Netherlands,34,1.984,0.69,2,2G,2,2G,2,2G,4,4G,1,1G,1,1G,1,1G,3,3,1.5,2F,2,2,2,2G,1,1,1,1,0,0,0,0,3,3G
NLD,2020-05-19,Europe,Netherlands,29.286,1.709,0.73,2,2G,2,2G,2,2G,4,4G,1,1G,1,1G,1,1G,3,3,1.5,2F,2,2,2,2G,1,1,1,1,0,0,0,0,3,3G
NLD,2020-05-20,Europe,Netherlands,26.571,1.551,0.77,2,2G,2,2G,2,2G,4,4G,1,1G,1,1G,1,1G,3,3,1.5,2F,2,2,2,2G,1,1,1,1,0,0,0,0,3,3G
NLD,2020-05-21,Europe,Netherlands,26.429,1.542,0.8,2,2G,2,2G,2,2G,4,4G,1,1G,1,1G,1,1G,3,3,1.5,2F,2,2,2,2G,1,1,1,1,0,0,0,0,3,3G
NLD,2020-05-22,Europe,Netherlands,20.714,1.209,0.81,2,2G,2,2G,2,2G,4,4G,1,1G,1,1G,1,1G,3,3,1.5,2F,2,2,2,2G,1,1,1,1,0,0,0,0,3,3G
NLD,2020-05-23,Europe,Netherlands,20.143,1.176,0.83,2,2G,2,2G,2,2G,4,4G,1,1G,1,1G,1,1G,3,3,1.5,2F,2,2,2,2G,1,1,1,1,0,0,0,0,3,3G
NLD,2020-05-24,Europe,Netherlands,20.286,1.184,0.85,2,2G,2,2G,2,2G,4,4G,1,1G,1,1G,1,1G,3,3,1.5,2F,2,2,2,2G,1,1,1,1,0,0,0,0,3,3G
NLD,2020-05-25,Europe,Netherlands,19.429,1.134,0.87,2,2G,2,2G,2,2G,4,4G,1,1G,1,1G,1,1G,3,3,1.5,2F,2,2,2,2G,1,1,1,1,0,0,0,0,2,2G
NLD,2020-05-26,Europe,Netherlands,20.143,1.176,0.87,2,2G,2,2G,2,2G,4,4G,1,1G,1,1G,1,1G,3,3,1.5,2F,2,2,2,2G,1,1,1,1,0,0,0,0,2,2G
NLD,2020-05-27,Europe,Netherlands,17.571,1.025,0.86,2,2G,2,2G,2,2G,4,4G,1,1G,1,1G,1,1G,3,3,1.5,2F,2,2,2,2G,1,1,1,1,0,0,0,0,2,2G
NLD,2020-05-28,Europe,Netherlands,18.286,1.067,0.84,2,2G,2,2G,2,2G,4,4G,1,1G,1,1G,1,1G,3,3,1.5,2F,2,2,2,2G,1,1,1,1,0,0,0,0,2,2G
NLD,2020-05-29,Europe,Netherlands,20.429,1.192,0.84,2,2G,2,2G,2,2G,4,4G,1,1G,1,1G,1,1G,3,3,1.5,2F,2,2,2,2G,1,1,1,1,0,0,0,0,2,2G
NLD,2020-05-30,Europe,Netherlands,20,1.167,0.84,2,2G,2,2G,2,2G,4,4G,1,1G,1,1G,1,1G,3,3,1.5,2F,2,2,2,2G,1,1,1,1,0,0,0,0,2,2G
NLD,2020-05-31,Europe,Netherlands,19.143,1.117,0.85,2,2G,2,2G,2,2G,4,4G,1,1G,1,1G,1,1G,3,3,1.5,2F,2,2,2,2G,1,1,1,1,0,0,0,0,2,2G
NLD,2020-06-01,Europe,Netherlands,18.857,1.101,0.85,2,2G,2,2G,2,2G,3,3G,0,0,1,1G,1,1G,3,3,1.5,2F,2,2,2,2G,2,2,2,2,2,2G,0,0,2,2G
NLD,2020-06-02,Europe,Netherlands,15.857,0.925,0.88,2,2G,2,2G,2,2G,3,3G,0,0,1,1G,1,1G,3,3,1.5,2F,2,2,2,2G,2,2,2,2,2,2G,0,0,2,2G
NLD,2020-06-03,Europe,Netherlands,15.143,0.884,0.91,2,2G,2,2G,2,2G,3,3G,0,0,1,1G,1,1G,3,3,1.5,2F,2,2,2,2G,2,2,2,2,2,2G,0,0,2,2G
NLD,2020-06-04,Europe,Netherlands,12.429,0.725,0.98,2,2G,2,2G,2,2G,3,3G,0,0,1,1G,1,1G,3,3,1.5,2F,2,2,2,2G,2,2,2,2,2,2G,0,0,2,2G
NLD,2020-06-05,Europe,Netherlands,10.571,0.617,1.02,2,2G,2,2G,2,2G,3,3G,0,0,1,1G,1,1G,3,3,1.5,2F,2,2,2,2G,2,2,2,2,2,2G,0,0,2,2G
NLD,2020-06-06,Europe,Netherlands,8.571,0.5,1.05,2,2G,2,2G,2,2G,3,3G,0,0,1,1G,1,1G,3,3,1.5,2F,2,2,2,2G,2,2,2,2,2,2G,0,0,2,2G
NLD,2020-06-07,Europe,Netherlands,8.143,0.475,1.06,2,2G,2,2G,2,2G,3,3G,0,0,1,1G,1,1G,3,3,1.5,2F,2,2,2,2G,2,2,2,2,2,2G,0,0,2,2G
NLD,2020-06-08,Europe,Netherlands,7.714,0.45,1.05,2,2G,2,2G,2,2G,3,3G,0,0,1,1G,1,1G,3,3,1.5,2F,2,2,2,2G,2,2,2,2,2,2G,0,0,2,2G
NLD,2020-06-09,Europe,Netherlands,9.143,0.534,1.03,2,2G,2,2G,2,2G,3,3G,0,0,1,1G,1,1G,3,3,1.5,2F,2,2,2,2G,2,2,2,2,2,2G,0,0,2,2G
NLD,2020-06-10,Europe,Netherlands,9.286,0.542,1.01,2,2G,2,2G,2,2G,3,3G,0,0,1,1G,1,1G,3,3,1.5,2F,2,2,2,2G,2,2,2,2,2,2G,0,0,2,2G
NLD,2020-06-11,Europe,Netherlands,7.714,0.45,0.97,2,2G,2,2G,2,2G,3,3G,0,0,1,1G,1,1G,3,3,1.5,2F,2,2,2,2G,2,2,2,2,2,2G,0,0,2,2G
NLD,2020-06-12,Europe,Netherlands,6.857,0.4,0.96,2,2G,2,2G,2,2G,3,3G,0,0,1,1G,1,1G,3,3,1.5,2F,2,2,2,2G,2,2,2,2,2,2G,0,0,2,2G
NLD,2020-06-13,Europe,Netherlands,6.571,0.384,0.93,2,2G,2,2G,2,2G,3,3G,0,0,1,1G,1,1G,3,3,1.5,2F,2,2,2,2G,2,2,2,2,2,2G,0,0,2,2G
NLD,2020-06-14,Europe,Netherlands,6.571,0.384,0.89,2,2G,2,2G,2,2G,3,3G,0,0,1,1G,1,1G,3,3,1.5,2F,2,2,2,2G,2,2,2,2,2,2G,0,0,2,2G
NLD,2020-06-15,Europe,Netherlands,7,0.409,0.87,1,1G,2,2G,2,2G,3,3G,0,0,1,1G,1,1G,3,3,1.5,2F,2,2,2,2G,2,2,2,2,2,2G,0,0,1,1G
NLD,2020-06-16,Europe,Netherlands,5.571,0.325,0.83,1,1G,2,2G,2,2G,3,3G,0,0,1,1G,1,1G,3,3,1.5,2F,2,2,2,2G,2,2,2,2,2,2G,0,0,1,1G
NLD,2020-06-17,Europe,Netherlands,4.571,0.267,0.78,1,1G,2,2G,2,2G,3,3G,0,0,1,1G,1,1G,3,3,1.5,2F,2,2,2,2G,2,2,2,2,2,2G,0,0,1,1G
NLD,2020-06-18,Europe,Netherlands,4.857,0.283,0.73,1,1G,2,2G,2,2G,3,3G,0,0,1,1G,1,1G,3,3,1.5,2F,2,2,2,2G,2,2,2,2,2,2G,0,0,1,1G
NLD,2020-06-19,Europe,Netherlands,4,0.233,0.69,1,1G,2,2G,2,2G,3,3G,0,0,1,1G,1,1G,3,3,1.5,2F,2,2,2,2G,2,2,2,2,2,2G,0,0,1,1G
NLD,2020-06-20,Europe,Netherlands,4.571,0.267,0.68,1,1G,2,2G,2,2G,3,3G,0,0,1,1G,1,1G,3,3,1.5,2F,2,2,2,2G,2,2,2,2,2,2G,0,0,1,1G
NLD,2020-06-21,Europe,Netherlands,4.429,0.258,0.67,1,1G,2,2G,2,2G,3,3G,0,0,1,1G,1,1G,3,3,1.5,2F,2,2,2,2G,2,2,2,2,2,2G,0,0,1,1G
NLD,2020-06-22,Europe,Netherlands,3.571,0.208,0.68,1,1G,2,2G,2,2G,3,3G,0,0,1,1G,1,1G,3,3,1.5,2F,2,2,2,2G,2,2,2,2,2,2G,0,0,1,1G
NLD,2020-06-23,Europe,Netherlands,3.571,0.208,0.7,1,1G,2,2G,2,2G,3,3G,0,0,1,1G,1,1G,3,3,1.5,2F,2,2,2,2G,2,2,2,2,2,2G,0,0,1,1G
NLD,2020-06-24,Europe,Netherlands,3.286,0.192,0.72,1,1G,2,2G,2,2G,3,3G,0,0,1,1G,1,1G,3,3,1.5,2F,2,2,2,2G,2,2,2,2,2,2G,0,0,1,1G
NLD,2020-06-25,Europe,Netherlands,3.143,0.183,0.74,1,1G,2,2G,2,2G,3,3G,0,0,1,1G,1,1G,3,3,1.5,2F,2,2,2,2G,2,2,2,2,2,2G,0,0,1,1G
NLD,2020-06-26,Europe,Netherlands,3.143,0.183,0.74,1,1G,2,2G,2,2G,3,3G,0,0,1,1G,1,1G,3,3,1.5,2F,2,2,2,2G,2,2,2,2,2,2G,0,0,1,1G
NLD,2020-06-27,Europe,Netherlands,2.286,0.133,0.73,1,1G,2,2G,2,2G,3,3G,0,0,1,1G,1,1G,3,3,1.5,2F,2,2,2,2G,2,2,2,2,2,2G,0,0,1,1G
NLD,2020-06-28,Europe,Netherlands,2.143,0.125,0.74,1,1G,2,2G,2,2G,3,3G,0,0,1,1G,1,1G,3,3,1.5,2F,2,2,2,2G,2,2,2,2,2,2G,0,0,1,1G
NLD,2020-06-29,Europe,Netherlands,2.429,0.142,0.75,1,1G,2,2G,2,2G,3,3G,0,0,1,1G,1,1G,3,3,1.5,2F,2,2,2,2G,2,2,2,2,2,2G,0,0,1,1G
NLD,2020-06-30,Europe,Netherlands,2.571,0.15,0.76,1,1G,2,2G,2,2G,3,3G,0,0,1,1G,1,1G,3,3,1.5,2F,2,2,2,2G,2,2,2,2,2,2G,0,0,1,1G
NLD,2020-07-01,Europe,Netherlands,2.571,0.15,0.76,1,1G,2,2G,0,0,2,2G,0,0,1,1G,0,0,3,3,1.5,2F,2,2,2,2G,2,2,2,2,2,2G,0,0,1,1G
NLD,2020-07-02,Europe,Netherlands,2.571,0.15,0.78,1,1G,2,2G,0,0,2,2G,0,0,1,1G,0,0,3,3,1.5,2F,2,2,2,2G,2,2,2,2,2,2G,0,0,1,1G
NLD,2020-07-03,Europe,Netherlands,2.429,0.142,0.78,1,1G,2,2G,0,0,2,2G,0,0,1,1G,0,0,3,3,1.5,2F,2,2,2,2G,2,2,2,2,2,2G,0,0,1,1G
NLD,2020-07-04,Europe,Netherlands,3,0.175,0.78,1,1G,2,2G,0,0,2,2G,0,0,1,1G,0,0,3,3,1.5,2F,2,2,2,2G,2,2,2,2,2,2G,0,0,1,1G
NLD,2020-07-05,Europe,Netherlands,3.143,0.183,0.78,1,1G,2,2G,0,0,2,2G,0,0,1,1G,0,0,3,3,1.5,2F,2,2,2,2G,2,2,2,2,2,2G,0,0,1,1G
NLD,2020-07-06,Europe,Netherlands,3,0.175,0.78,1,1G,2,2G,0,0,2,2G,0,0,1,1G,0,0,3,3,1.5,2F,2,2,2,2G,2,2,2,2,2,2G,0,0,1,1G
NLD,2020-07-07,Europe,Netherlands,2.714,0.158,0.81,1,1G,2,2G,0,0,2,2G,0,0,1,1G,0,0,3,3,1.5,2F,2,2,2,2G,2,2,2,2,2,2G,0,0,1,1G
NLD,2020-07-08,Europe,Netherlands,2.857,0.167,0.84,1,1G,2,2G,0,0,2,2G,0,0,1,1G,0,0,3,3,1.5,2F,2,2,2,2G,2,2,2,2,2,2G,0,0,1,1G
NLD,2020-07-09,Europe,Netherlands,2.714,0.158,0.9,1,1G,2,2G,0,0,2,2G,0,0,1,1G,0,0,3,3,1.5,2F,2,2,2,2G,2,2,2,2,2,2G,0,0,1,1G
NLD,2020-07-10,Europe,Netherlands,2.286,0.133,0.97,1,1G,2,2G,0,0,2,2G,0,0,1,1G,0,0,3,3,1.5,2F,2,2,2,2G,2,2,2,2,2,2G,0,0,1,1G
NLD,2020-07-11,Europe,Netherlands,1.571,0.092,1.07,1,1G,2,2G,0,0,2,2G,0,0,1,1G,0,0,3,3,1.5,2F,2,2,2,2G,2,2,2,2,2,2G,0,0,1,1G
NLD,2020-07-12,Europe,Netherlands,1.429,0.083,1.14,1,1G,2,2G,0,0,2,2G,0,0,1,1G,0,0,3,3,1.5,2F,2,2,2,2G,2,2,2,2,2,2G,0,0,1,1G
NLD,2020-07-13,Europe,Netherlands,1.286,0.075,1.19,1,1G,2,2G,0,0,2,2G,0,0,1,1G,0,0,3,3,1.5,2F,2,2,2,2G,2,2,2,2,2,2G,0,0,1,1G
NLD,2020-07-14,Europe,Netherlands,0.429,0.025,1.24,1,1G,2,2G,0,0,2,2G,0,0,1,1G,0,0,3,3,1.5,2F,2,2,2,2G,2,2,2,2,2,2G,0,0,1,1G
NLD,2020-07-15,Europe,Netherlands,0.143,0.008,1.31,1,1G,2,2G,0,0,2,2G,0,0,1,1G,0,0,3,3,1.5,2F,2,2,2,2G,2,2,2,2,2,2G,0,0,1,1G
NLD,2020-07-16,Europe,Netherlands,0,0,1.36,1,1G,2,2G,0,0,2,2G,0,0,1,1G,0,0,3,3,1.5,2F,2,2,2,2G,2,2,2,2,2,2G,0,0,1,1G
NLD,2020-07-17,Europe,Netherlands,0.286,0.017,1.42,1,1G,2,2G,0,0,2,2G,0,0,1,1G,0,0,3,3,1.5,2F,2,2,2,2G,2,2,2,2,2,2G,0,0,1,1G
NLD,2020-07-18,Europe,Netherlands,-0.143,-0.008,1.46,1,1G,2,2G,0,0,2,2G,0,0,1,1G,0,0,3,3,1.5,2F,2,2,2,2G,2,2,2,2,2,2G,0,0,1,1G
NLD,2020-07-19,Europe,Netherlands,-0.143,-0.008,1.5,1,1G,2,2G,0,0,2,2G,0,0,1,1G,0,0,3,3,1.5,2F,2,2,2,2G,2,2,2,2,2,2G,0,0,1,1G
NLD,2020-07-20,Europe,Netherlands,-0.143,-0.008,1.54,1,1G,2,2G,0,0,2,2G,0,0,1,1G,0,0,3,3,1.5,2F,2,2,2,2G,2,2,2,2,2,2G,0,0,1,1G
NLD,2020-07-21,Europe,Netherlands,0.143,0.008,1.52,1,1G,2,2G,0,0,2,2G,0,0,1,1G,0,0,3,3,1.5,2F,2,2,2,2G,2,2,2,2,2,2G,0,0,1,1G
NLD,2020-07-22,Europe,Netherlands,0.429,0.025,1.49,1,1G,2,2G,0,0,2,2G,0,0,1,1G,0,0,3,3,1.5,2F,2,2,2,2G,2,2,2,2,2,2G,0,0,1,1G
NLD,2020-07-23,Europe,Netherlands,0.286,0.017,1.46,1,1G,2,2G,0,0,2,2G,0,0,1,1G,0,0,3,3,1.5,2F,2,2,2,2G,2,2,2,2,2,2G,0,0,1,1G
NLD,2020-07-24,Europe,Netherlands,0.143,0.008,1.45,1,1G,2,2G,0,0,2,2G,0,0,1,1G,0,0,3,3,1.5,2F,2,2,2,2G,2,2,2,2,2,2G,0,0,1,1G
NLD,2020-07-25,Europe,Netherlands,0.571,0.033,1.45,1,1G,2,2G,0,0,2,2G,0,0,1,1G,0,0,3,3,1.5,2F,2,2,2,2G,2,2,2,2,2,2G,0,0,1,1G
NLD,2020-07-26,Europe,Netherlands,3.286,0.192,1.48,1,1G,2,2G,0,0,2,2G,0,0,1,1G,0,0,3,3,1.5,2F,2,2,2,2G,2,2,2,2,2,2G,0,0,1,1G
NLD,2020-07-27,Europe,Netherlands,0.714,0.042,1.48,1,1G,2,2G,0,0,2,2G,0,0,1,1G,0,0,3,3,1.5,2F,2,2,2,2G,2,2,2,2,2,2G,0,0,1,1G
NLD,2020-07-28,Europe,Netherlands,1.286,0.075,1.51,1,1G,2,2G,0,0,2,2G,0,0,1,1G,0,0,3,3,1.5,2F,2,2,2,2G,2,2,2,2,2,2G,0,0,1,1G
NLD,2020-07-29,Europe,Netherlands,1.143,0.067,1.54,1,1G,2,2G,0,0,2,2G,0,0,1,1G,0,0,3,3,1.5,2F,2,2,2,2G,2,2,2,2,2,2G,0,0,1,1G
NLD,2020-07-30,Europe,Netherlands,1.143,0.067,1.59,1,1G,2,2G,0,0,2,2G,0,0,1,1G,0,0,3,3,1.5,2F,2,2,2,2G,2,2,2,2,2,2G,0,0,1,1G
NLD,2020-07-31,Europe,Netherlands,1.143,0.067,1.61,1,1G,2,2G,0,0,2,2G,0,0,1,1G,0,0,3,3,1.5,2F,2,2,2,2G,2,2,2,2,2,2G,0,0,1,1G
NLD,2020-08-01,Europe,Netherlands,1.143,0.067,1.63,1,1G,2,2G,0,0,2,2G,0,0,1,1G,0,0,3,3,1.5,2F,2,2,2,2G,2,2,2,2,2,2G,0,0,1,1G
NLD,2020-08-02,Europe,Netherlands,-1.286,-0.075,1.61,1,1G,2,2G,0,0,2,2G,0,0,1,1G,0,0,3,3,1.5,2F,2,2,2,2G,2,2,2,2,2,2G,0,0,1,1G
NLD,2020-08-03,Europe,Netherlands,1.286,0.075,1.61,1,1G,2,2G,0,0,2,2G,0,0,1,1G,0,0,3,3,1.5,2F,2,2,2,2G,2,2,2,2,2,2G,0,0,1,1G
NLD,2020-08-04,Europe,Netherlands,0.857,0.05,1.62,1,1G,2,2G,0,0,2,2G,0,0,1,1G,0,0,3,3,1.5,2F,2,2,2,2G,2,2,2,2,2,2G,0,0,1,1G
NLD,2020-08-05,Europe,Netherlands,1,0.058,1.59,1,1G,2,2G,0,0,2,2G,0,0,1,1G,0,0,3,3,1.5,2F,2,2,2,2G,2,2,2,2,1.5,2T,0,0,1,1G
NLD,2020-08-06,Europe,Netherlands,1,0.058,1.59,1,1G,2,2G,0,0,2,2G,0,0,1,1G,0,0,3,3,1.5,2F,2,2,2,2G,2,2,2,2,1.5,2T,0,0,1,1G
NLD,2020-08-07,Europe,Netherlands,1.143,0.067,1.56,1,1G,2,2G,0,0,2,2G,0,0,1,1G,0,0,3,3,1.5,2F,2,2,2,2G,2,2,2,2,1.5,2T,0,0,1,1G
NLD,2020-08-08,Europe,Netherlands,1.571,0.092,1.51,1,1G,2,2G,0,0,2,2G,0,0,1,1G,0,0,3,3,1.5,2F,2,2,2,2G,2,2,2,2,1.5,2T,0,0,1,1G
NLD,2020-08-09,Europe,Netherlands,1.286,0.075,1.48,1,1G,2,2G,0,0,2,2G,0,0,1,1G,0,0,3,3,1.5,2F,2,2,2,2G,2,2,2,2,1.5,2T,0,0,1,1G
NLD,2020-08-10,Europe,Netherlands,1.286,0.075,1.45,1,1G,2,2G,0,0,2,2G,0,0,1,1G,0,0,3,3,1.5,2F,2,2,2,2G,2,2,2,2,1.5,2T,0,0,1,1G
NLD,2020-08-11,Europe,Netherlands,-1.143,-0.067,1.41,1,1G,2,2G,0,0,2,2G,0,0,1,1G,0,0,3,3,1.5,2F,2,2,2,2G,2,2,2,2,1.5,2T,0,0,1,1G
NLD,2020-08-12,Europe,Netherlands,1.286,0.075,1.41,1,1G,2,2G,0,0,2,2G,0,0,1,1G,0,0,3,3,1.5,2F,2,2,2,2G,2,2,2,2,1.5,2T,0,0,1,1G
NLD,2020-08-13,Europe,Netherlands,2,0.117,1.32,1,1G,2,2G,0,0,2,2G,0,0,1,1G,0,0,3,3,1.5,2F,2,2,2,2G,2,2,2,2,1.5,2T,0,0,1,1G
NLD,2020-08-14,Europe,Netherlands,2.143,0.125,1.24,1,1G,2,2G,0,0,2,2G,0,0,1,1G,0,0,3,3,1.5,2F,2,2,2,2G,2,2,2,2,1.5,2T,0,0,1,1G
NLD,2020-08-15,Europe,Netherlands,1.857,0.108,1.18,1,1G,2,2G,0,0,2,2G,0,0,1,1G,0,0,3,3,1.5,2F,2,2,2,2G,2,2,2,2,1.5,2T,0,0,1,1G
NLD,2020-08-16,Europe,Netherlands,2.286,0.133,1.11,1,1G,2,2G,0,0,2,2G,0,0,1,1G,0,0,3,3,1.5,2F,2,2,2,2G,2,2,2,2,1.5,2T,0,0,1,1G
NLD,2020-08-17,Europe,Netherlands,2.286,0.133,1.07,1,1G,2,2G,0,0,2,2G,0,0,1,1G,0,0,3,3,1.5,2F,2,2,2,2G,2,2,2,2,1.5,2T,0,0,1,1G
NLD,2020-08-18,Europe,Netherlands,5,0.292,1.04,1,1G,2,2G,1,1G,4,4G,0,0,1,1G,0,0,3,3,1.5,2F,2,2,2,2G,2,2,2,2,1.5,2T,0,0,1,1G
NLD,2020-08-19,Europe,Netherlands,3.143,0.183,1,1,1G,2,2G,1,1G,4,4G,0,0,1,1G,0,0,3,3,1.5,2F,2,2,2,2G,2,2,2,2,1.5,2T,0,0,1,1G
NLD,2020-08-20,Europe,Netherlands,4,0.233,0.99,1,1G,2,2G,1,1G,4,4G,0,0,1,1G,0,0,3,3,1.5,2F,2,2,2,2G,2,2,2,2,1.5,2T,0,0,1,1G
NLD,2020-08-21,Europe,Netherlands,4.286,0.25,0.99,1,1G,2,2G,1,1G,4,4G,0,0,1,1G,0,0,3,3,1.5,2F,2,2,2,2G,2,2,2,2,1.5,2T,0,0,1,1G
NLD,2020-08-22,Europe,Netherlands,4.857,0.283,0.99,1,1G,2,2G,1,1G,4,4G,0,0,1,1G,0,0,3,3,1.5,2F,2,2,2,2G,2,2,2,2,1.5,2T,0,0,1,1G
NLD,2020-08-23,Europe,Netherlands,4.429,0.258,0.99,1,1G,2,2G,1,1G,4,4G,0,0,1,1G,0,0,3,3,1.5,2F,2,2,2,2G,2,2,2,2,1.5,2T,0,0,1,1G
NLD,2020-08-24,Europe,Netherlands,4.714,0.275,1,1,1G,2,2G,1,1G,4,4G,0,0,1,1G,0,0,3,3,1.5,2F,2,2,2,2G,2,2,2,2,1.5,2T,0,0,1,1G
NLD,2020-08-25,Europe,Netherlands,5.143,0.3,0.99,1,1G,2,2G,1,1G,4,4G,0,0,1,1G,0,0,3,3,1.5,2F,2,2,2,2G,2,2,2,2,1.5,2T,0,0,1,1G
NLD,2020-08-26,Europe,Netherlands,5.286,0.308,0.98,1,1G,2,2G,1,1G,4,4G,0,0,1,1G,0,0,3,3,1.5,2F,2,2,2,2G,2,2,2,2,1.5,2T,0,0,1,1G
NLD,2020-08-27,Europe,Netherlands,4.143,0.242,0.99,1,1G,2,2G,1,1G,4,4G,0,0,1,1G,0,0,3,3,1.5,2F,2,2,2,2G,2,2,2,2,1.5,2T,0,0,1,1G
NLD,2020-08-28,Europe,Netherlands,4,0.233,1,1,1G,2,2G,1,1G,4,4G,0,0,1,1G,0,0,3,3,1.5,2F,2,2,2,2G,2,2,2,2,1.5,2T,0,0,1,1G
NLD,2020-08-29,Europe,Netherlands,3.857,0.225,1.02,1,1G,2,2G,1,1G,4,4G,0,0,1,1G,0,0,3,3,1.5,2F,2,2,2,2G,2,2,2,2,1.5,2T,0,0,1,1G
NLD,2020-08-30,Europe,Netherlands,3.857,0.225,1.04,1,1G,2,2G,1,1G,4,4G,0,0,1,1G,0,0,3,3,1.5,2F,2,2,2,2G,2,2,2,2,1.5,2T,0,0,1,1G
NLD,2020-08-31,Europe,Netherlands,3.571,0.208,1.07,1,1G,2,2G,1,1G,4,4G,0,0,1,1G,0,0,3,3,1.5,2F,2,2,2,2G,2,2,2,2,2,2G,0,0,1,1G
NLD,2020-09-01,Europe,Netherlands,3.857,0.225,1.11,1,1G,2,2G,1,1G,4,4G,0,0,1,1G,0,0,3,3,1.5,2F,2,2,2,2G,2,2,2,2,2,2G,0,0,1,1G
NLD,2020-09-02,Europe,Netherlands,3.714,0.217,1.15,1,1G,2,2G,1,1G,4,4G,0,0,1,1G,0,0,3,3,1.5,2F,2,2,2,2G,2,2,2,2,2,2G,0,0,1,1G
NLD,2020-09-03,Europe,Netherlands,3.429,0.2,1.18,1,1G,2,2G,1,1G,4,4G,0,0,1,1G,0,0,3,3,1.5,2F,2,2,2,2G,2,2,2,2,2,2G,0,0,1,1G
NLD,2020-09-04,Europe,Netherlands,3.286,0.192,1.22,1,1G,2,2G,1,1G,4,4G,0,0,1,1G,0,0,3,3,1.5,2F,2,2,2,2G,2,2,2,2,2,2G,0,0,1,1G
NLD,2020-09-05,Europe,Netherlands,3.286,0.192,1.25,1,1G,2,2G,1,1G,4,4G,0,0,1,1G,0,0,3,3,1.5,2F,2,2,2,2G,2,2,2,2,2,2G,0,0,1,1G
NLD,2020-09-06,Europe,Netherlands,3.571,0.208,1.3,1,1G,2,2G,1,1G,4,4G,0,0,1,1G,0,0,3,3,1.5,2F,2,2,2,2G,2,2,2,2,2,2G,0,0,1,1G
NLD,2020-09-07,Europe,Netherlands,3.714,0.217,1.32,1,1G,2,2G,1,1G,4,4G,0,0,1,1G,0,0,3,3,1.5,2F,2,2,2,2G,2,2,2,2,2,2G,0,0,1,1G
NLD,2020-09-08,Europe,Netherlands,2.714,0.158,1.35,1,1G,2,2G,1,1G,4,4G,0,0,1,1G,0,0,3,3,1.5,2F,2,2,2,2G,2,2,2,2,2,2G,0,0,1,1G
NLD,2020-09-09,Europe,Netherlands,2,0.117,1.36,1,1G,2,2G,1,1G,4,4G,0,0,1,1G,0,0,3,3,1.5,2F,2,2,2,2G,2,2,2,2,2,2G,0,0,1,1G
NLD,2020-09-10,Europe,Netherlands,2.429,0.142,1.36,1,1G,2,2G,1,1G,4,4G,0,0,1,1G,0,0,3,3,1.5,2F,2,2,2,2G,2,2,2,2,2,2G,0,0,1,1G
NLD,2020-09-11,Europe,Netherlands,2.857,0.167,1.37,1,1G,2,2G,1,1G,4,4G,0,0,1,1G,0,0,3,3,1.5,2F,2,2,2,2G,2,2,2,2,2,2G,0,0,1,1G
NLD,2020-09-12,Europe,Netherlands,2.286,0.133,1.38,1,1G,2,2G,1,1G,4,4G,0,0,1,1G,0,0,3,3,1.5,2F,2,2,2,2G,2,2,2,2,2,2G,0,0,1,1G
NLD,2020-09-13,Europe,Netherlands,2.143,0.125,1.38,1,1G,2,2G,1,1G,4,4G,0,0,1,1G,0,0,3,3,1.5,2F,2,2,2,2G,2,2,2,2,2,2G,0,0,1,1G
NLD,2020-09-14,Europe,Netherlands,2.571,0.15,1.39,1,1G,2,2G,1,1G,4,4G,0,0,1,1G,0,0,3,3,1.5,2F,2,2,2,2G,2,2,2,2,2,2G,0,0,1,1G
NLD,2020-09-15,Europe,Netherlands,3,0.175,1.41,1,1G,2,2G,1,1G,4,4G,0,0,1,1G,0,0,3,3,1.5,2F,2,2,2,2G,2,2,2,2,2,2G,0,0,1,1G
NLD,2020-09-16,Europe,Netherlands,3.143,0.183,1.42,1,1G,2,2G,1,1G,4,4G,0,0,1,1G,0,0,3,3,1.5,2F,2,2,2,2G,2,2,2,2,2,2G,0,0,1,1G
NLD,2020-09-17,Europe,Netherlands,3.571,0.208,1.44,1,1G,2,2G,1,1G,4,4G,0,0,1,1G,0,0,3,3,1.5,2F,2,2,2,2G,2,2,2,2,2,2G,0,0,1,1G
NLD,2020-09-18,Europe,Netherlands,4,0.233,1.43,1,1G,2,2G,1,1G,4,4G,0,0,1,1G,0,0,3,3,1.5,2F,2,2,2,2G,2,2,2,2,2,2G,0,0,1,1G
NLD,2020-09-19,Europe,Netherlands,4.143,0.242,1.43,1,1G,2,2G,1,1G,4,4G,0,0,1,1G,0,0,3,3,1.5,2F,2,2,2,2G,2,2,2,2,2,2G,0,0,1,1G
NLD,2020-09-20,Europe,Netherlands,4.571,0.267,1.42,1,1G,2,2G,0.5,1T,4,4G,0,0,1,1G,0,0,3,3,1.5,2F,2,2,2,2G,2,2,2,2,2,2G,0,0,1,1G
NLD,2020-09-21,Europe,Netherlands,4.429,0.258,1.42,1,1G,2,2G,0.5,1T,4,4G,0,0,1,1G,0,0,3,3,1.5,2F,2,2,2,2G,2,2,2,2,2,2G,0,0,1,1G
NLD,2020-09-22,Europe,Netherlands,5.429,0.317,1.41,1,1G,2,2G,0.5,1T,4,4G,0,0,1,1G,0,0,3,3,1.5,2F,2,2,2,2G,2,2,2,2,2,2G,0,0,1,1G
NLD,2020-09-23,Europe,Netherlands,5.857,0.342,1.4,1,1G,2,2G,0.5,1T,4,4G,0,0,1,1G,0,0,3,3,1.5,2F,2,2,2,2G,2,2,2,2,2,2G,0,0,1,1G
NLD,2020-09-24,Europe,Netherlands,7.286,0.425,1.39,1,1G,2,2G,0.5,1T,4,4G,0,0,1,1G,0,0,3,3,1.5,2F,2,2,2,2G,2,2,2,2,2,2G,0,0,1,1G
NLD,2020-09-25,Europe,Netherlands,8.429,0.492,1.38,1,1G,2,2G,0.5,1T,4,4G,0,0,1,1G,0,0,3,3,1.5,2F,2,2,2,2G,2,2,2,2,2,2G,0,0,1,1G
NLD,2020-09-26,Europe,Netherlands,13.571,0.792,1.38,1,1G,2,2G,0.5,1T,4,4G,0,0,1,1G,0,0,3,3,1.5,2F,2,2,2,2G,2,2,2,2,2,2G,0,0,1,1G
NLD,2020-09-27,Europe,Netherlands,14.143,0.825,1.37,1,1G,2,2G,0.5,1T,4,4G,0,0,1,1G,0,0,3,3,1.5,2F,2,2,2,2G,2,2,2,2,2,2G,0,0,1,1G
NLD,2020-09-28,Europe,Netherlands,14.571,0.85,1.36,1,1G,2,2G,0.5,1T,4,4G,0,0,1,1G,0,0,3,3,1.5,2F,1,1,2,2G,2,2,2,2,2,2G,0,0,1,1G
NLD,2020-09-29,Europe,Netherlands,15,0.875,1.35,1,1G,2,2G,2,2G,4,4G,0,0,1,1G,1,1G,3,3,1.5,2F,1,1,2,2G,2,2,2,2,2,2G,0,0,1,1G
NLD,2020-09-30,Europe,Netherlands,16.143,0.942,1.35,1,1G,2,2G,2,2G,4,4G,0,0,1,1G,1,1G,3,3,1.5,2F,1,1,2,2G,2,2,2,2,2,2G,0,0,1,1G
NLD,2020-10-01,Europe,Netherlands,15.571,0.909,1.35,1,1G,2,2G,2,2G,4,4G,0,0,1,1G,1,1G,3,3,2,2A,1,1,2,2G,2,2,2,2,2,2G,0,0,1,1G
NLD,2020-10-02,Europe,Netherlands,15,0.875,1.36,1,1G,2,2G,2,2G,4,4G,0,0,1,1G,1,1G,3,3,2,2A,1,1,2,2G,2,2,2,2,2,2G,0,0,1,1G
NLD,2020-10-03,Europe,Netherlands,12.571,0.734,1.38,1,1G,2,2G,2,2G,4,4G,0,0,1,1G,1,1G,3,3,2,2A,1,1,2,2G,2,2,2,2,2,2G,0,0,1,1G
NLD,2020-10-04,Europe,Netherlands,12.143,0.709,1.39,1,1G,2,2G,2,2G,4,4G,0,0,1,1G,1,1G,3,3,2,2A,1,1,2,2G,2,2,2,2,2,2G,0,0,1,1G
NLD,2020-10-05,Europe,Netherlands,11.429,0.667,1.4,1,1G,2,2G,2,2G,4,4G,0,0,1,1G,1,1G,3,3,2,2A,1,1,2,2G,2,2,2,2,2,2G,0,0,1,1G
NLD,2020-10-06,Europe,Netherlands,13.571,0.792,1.41,1,1G,2,2G,2,2G,4,4G,0,0,1,1G,1,1G,3,3,2,2A,1,1,2,2G,2,2,2,2,2,2G,0,0,1,1G
NLD,2020-10-07,Europe,Netherlands,16.714,0.975,1.42,1,1G,2,2G,2,2G,4,4G,0,0,1,1G,1,1G,3,3,2,2A,1,1,2,2G,2,2,2,2,2,2G,0,0,1,1G
NLD,2020-10-08,Europe,Netherlands,16.714,0.975,1.42,1,1G,2,2G,2,2G,4,4G,0,0,1,1G,1,1G,3,3,2,2A,1,1,2,2G,2,2,2,2,2,2G,0,0,1,1G
NLD,2020-10-09,Europe,Netherlands,17,0.992,1.42,1,1G,2,2G,2,2G,4,4G,0,0,1,1G,1,1G,3,3,2,2A,1,1,2,2G,2,2,2,2,2,2G,0,0,1,1G
NLD,2020-10-10,Europe,Netherlands,17.286,1.009,1.42,1,1G,2,2G,2,2G,4,4G,0,0,1,1G,1,1G,3,3,2,2A,1,1,2,2G,2,2,2,2,2,2G,0,0,1,1G
NLD,2020-10-11,Europe,Netherlands,19.143,1.117,1.41,1,1G,2,2G,2,2G,4,4G,0,0,1,1G,1,1G,3,3,2,2A,1,1,2,2G,2,2,2,2,2,2G,0,0,1,1G
NLD,2020-10-12,Europe,Netherlands,20.714,1.209,1.39,1,1G,2,2G,2,2G,4,4G,0,0,1,1G,1,1G,3,3,2,2A,1,1,2,2G,2,2,2,2,2,2G,0,0,1,1G
NLD,2020-10-13,Europe,Netherlands,21.571,1.259,1.38,1,1G,2,2G,2,2G,4,4G,0,0,1,1G,1,1G,3,3,2,2A,1,1,2,2G,2,2,2,2,2,2G,0,0,1,1G
NLD,2020-10-14,Europe,Netherlands,20.857,1.217,1.35,1,1G,2,2G,2,2G,4,4G,0,0,1,1G,1,1G,3,3,2,2A,1,1,2,2G,2,2,2,2,2,2G,0,0,1,1G
NLD,2020-10-15,Europe,Netherlands,23.143,1.351,1.33,1,1G,2,2G,2,2G,4,4G,0,0,1,1G,1,1G,3,3,2,2A,1,1,2,2G,2,2,2,2,2,2G,0,0,1,1G
NLD,2020-10-16,Europe,Netherlands,23.429,1.367,1.3,1,1G,2,2G,2,2G,4,4G,0,0,1,1G,1,1G,3,3,2,2A,1,1,2,2G,2,2,2,2,2,2G,0,0,1,1G
NLD,2020-10-17,Europe,Netherlands,24.714,1.442,1.28,1,1G,2,2G,2,2G,4,4G,0,0,1,1G,1,1G,3,3,2,2A,1,1,2,2G,2,2,2,2,2,2G,0,0,1,1G
NLD,2020-10-18,Europe,Netherlands,24.143,1.409,1.27,1,1G,2,2G,2,2G,4,4G,0,0,1,1G,1,1G,3,3,2,2A,1,1,2,2G,2,2,2,2,2,2G,0,0,1,1G
NLD,2020-10-19,Europe,Netherlands,24.857,1.451,1.25,1,1G,2,2G,2,2G,4,4G,0,0,1,1G,1,1G,3,3,2,2A,1,1,2,2G,2,2,2,2,2,2G,0,0,1,1G
NLD,2020-10-20,Europe,Netherlands,26.429,1.542,1.24,1,1G,2,2G,2,2G,4,4G,0,0,1,1G,1,1G,3,3,2,2A,1,1,2,2G,2,2,2,2,2,2G,0,0,1,1G
NLD,2020-10-21,Europe,Netherlands,30.571,1.784,1.23,1,1G,2,2G,2,2G,4,4G,0,0,1,1G,1,1G,3,3,2,2A,1,1,2,2G,2,2,2,2,2,2G,0,0,1,1G
NLD,2020-10-22,Europe,Netherlands,33.143,1.934,1.21,1,1G,2,2G,2,2G,4,4G,0,0,1,1G,1,1G,3,3,2,2A,1,1,2,2G,2,2,2,2,2,2G,0,0,1,1G
NLD,2020-10-23,Europe,Netherlands,37.286,2.176,1.2,1,1G,2,2G,2,2G,4,4G,0,0,1,1G,1,1G,3,3,2,2A,1,1,2,2G,2,2,2,2,2,2G,0,0,1,1G
NLD,2020-10-24,Europe,Netherlands,40.571,2.368,1.19,1,1G,2,2G,2,2G,4,4G,0,0,1,1G,1,1G,3,3,2,2A,1,1,2,2G,2,2,2,2,2,2G,0,0,1,1G
NLD,2020-10-25,Europe,Netherlands,42.429,2.476,1.18,1,1G,2,2G,2,2G,4,4G,0,0,1,1G,1,1G,3,3,2,2A,1,1,2,2G,2,2,2,2,2,2G,0,0,1,1G
NLD,2020-10-26,Europe,Netherlands,43.714,2.551,1.17,1,1G,2,2G,2,2G,4,4G,0,0,1,1G,1,1G,3,3,2,2A,1,1,2,2G,2,2,2,2,2,2G,0,0,1,1G
NLD,2020-10-27,Europe,Netherlands,47.143,2.751,1.14,1,1G,2,2G,2,2G,4,4G,0,0,1,1G,1,1G,3,3,2,2A,1,1,2,2G,2,2,2,2,2,2G,0,0,1,1G
NLD,2020-10-28,Europe,Netherlands,47.286,2.76,1.1,1,1G,2,2G,2,2G,4,4G,0,0,1,1G,1,1G,3,3,2,2A,1,1,2,2G,2,2,2,2,2,2G,0,0,1,1G
NLD,2020-10-29,Europe,Netherlands,48.571,2.835,1.08,1,1G,2,2G,2,2G,4,4G,0,0,1,1G,1,1G,3,3,2,2A,1,1,2,2G,2,2,2,2,2,2G,0,0,1,1G
NLD,2020-10-30,Europe,Netherlands,54.571,3.185,1.05,1,1G,2,2G,2,2G,4,4G,0,0,1,1G,1,1G,3,3,2,2A,1,1,2,2G,2,2,2,2,2,2G,0,0,1,1G
NLD,2020-10-31,Europe,Netherlands,54,3.151,1.02,1,1G,2,2G,2,2G,4,4G,0,0,1,1G,1,1G,3,3,2,2A,1,1,2,2G,2,2,2,2,2,2G,0,0,1,1G
NLD,2020-11-01,Europe,Netherlands,55.714,3.252,0.98,1,1G,2,2G,2,2G,4,4G,0,0,1,1G,1,1G,3,3,2,2A,1,1,2,2G,2,2,2,2,2,2G,0,0,1,1G
NLD,2020-11-02,Europe,Netherlands,56.143,3.277,0.94,1,1G,2,2G,2,2G,4,4G,0,0,1,1G,1,1G,3,3,2,2A,1,1,2,2G,2,2,2,2,2,2G,0,0,1,1G
NLD,2020-11-03,Europe,Netherlands,62.286,3.635,0.91,1,1G,2,2G,2,2G,4,4G,0,0,1,1G,1,1G,3,3,2,2A,1,1,2,2G,2,2,2,2,2,2G,0,0,1,1G
NLD,2020-11-04,Europe,Netherlands,69,4.027,0.88,1,1G,3,3G,2,2G,4,4G,0,0,1,1G,1,1G,3,3,2,2A,1,1,2,2G,2,2,2,2,2,2G,0,0,2,2G
NLD,2020-11-05,Europe,Netherlands,73.571,4.294,0.84,1,1G,3,3G,2,2G,4,4G,0,0,1,1G,1,1G,3,3,2,2A,1,1,2,2G,2,2,2,2,2,2G,0,0,2,2G
NLD,2020-11-06,Europe,Netherlands,78,4.552,0.81,1,1G,3,3G,2,2G,4,4G,0,0,1,1G,1,1G,3,3,2,2A,1,1,2,2G,2,2,2,2,2,2G,0,0,2,2G
NLD,2020-11-07,Europe,Netherlands,81.286,4.744,0.79,1,1G,3,3G,2,2G,4,4G,0,0,1,1G,1,1G,3,3,2,2A,1,1,2,2G,2,2,2,2,2,2G,0,0,2,2G
NLD,2020-11-08,Europe,Netherlands,82,4.786,0.78,1,1G,3,3G,2,2G,4,4G,0,0,1,1G,1,1G,3,3,2,2A,1,1,2,2G,2,2,2,2,2,2G,0,0,2,2G
NLD,2020-11-09,Europe,Netherlands,83.571,4.877,0.78,1,1G,3,3G,2,2G,4,4G,0,0,1,1G,1,1G,3,3,2,2A,1,1,2,2G,2,2,2,2,2,2G,0,0,2,2G
NLD,2020-11-10,Europe,Netherlands,81.571,4.761,0.79,1,1G,3,3G,2,2G,4,4G,0,0,1,1G,1,1G,3,3,2,2A,1,1,2,2G,2,2,2,2,2,2G,0,0,2,2G
NLD,2020-11-11,Europe,Netherlands,76.857,4.485,0.8,1,1G,3,3G,2,2G,4,4G,0,0,1,1G,1,1G,3,3,2,2A,1,1,2,2G,2,2,2,2,2,2G,0,0,2,2G
NLD,2020-11-12,Europe,Netherlands,77,4.494,0.81,1,1G,3,3G,2,2G,4,4G,0,0,1,1G,1,1G,3,3,2,2A,1,1,2,2G,2,2,2,2,2,2G,0,0,2,2G
NLD,2020-11-13,Europe,Netherlands,68,3.969,0.82,1,1G,3,3G,2,2G,4,4G,0,0,1,1G,1,1G,3,3,2,2A,1,1,2,2G,2,2,2,2,2,2G,0,0,2,2G
NLD,2020-11-14,Europe,Netherlands,69.714,4.069,0.83,1,1G,3,3G,2,2G,4,4G,0,0,1,1G,1,1G,3,3,2,2A,1,1,2,2G,2,2,2,2,2,2G,0,0,2,2G
NLD,2020-11-15,Europe,Netherlands,69.571,4.06,0.84,1,1G,3,3G,2,2G,4,4G,0,0,1,1G,1,1G,3,3,2,2A,1,1,2,2G,2,2,2,2,2,2G,0,0,2,2G
NLD,2020-11-16,Europe,Netherlands,70.143,4.094,0.86,1,1G,3,3G,2,2G,4,4G,0,0,1,1G,1,1G,3,3,2,2A,1,1,2,2G,2,2,2,2,2,2G,0,0,2,2G
NLD,2020-11-17,Europe,Netherlands,68.286,3.985,0.87,1,1G,3,3G,2,2G,4,4G,0,0,1,1G,1,1G,3,3,2,2A,1,1,2,2G,2,2,2,2,2,2G,0,0,2,2G
NLD,2020-11-18,Europe,Netherlands,69.429,4.052,0.88,1,1G,3,3G,2,2G,4,4G,0,0,1,1G,1,1G,3,3,2,2A,1,1,2,2G,2,2,2,2,2,2G,0,0,2,2G
NLD,2020-11-19,Europe,Netherlands,67.286,3.927,0.9,1,1G,3,3G,2,2G,4,4G,0,0,1,1G,1,1G,3,3,2,2A,1,1,2,2G,2,2,2,2,2,2G,0,0,2,2G
NLD,2020-11-20,Europe,Netherlands,66.857,3.902,0.92,1,1G,3,3G,2,2G,4,4G,0,0,1,1G,1,1G,3,3,2,2A,1,1,2,2G,2,2,2,2,2,2G,0,0,2,2G
NLD,2020-11-21,Europe,Netherlands,61.429,3.585,0.93,1,1G,3,3G,2,2G,4,4G,0,0,1,1G,1,1G,3,3,2,2A,1,1,2,2G,2,2,2,2,2,2G,0,0,2,2G
NLD,2020-11-22,Europe,Netherlands,58.286,3.402,0.93,1,1G,2,2G,2,2G,4,4G,0,0,1,1G,0,0,3,3,2,2A,1,1,2,2G,2,2,2,2,2,2G,0,0,2,2G
NLD,2020-11-23,Europe,Netherlands,59.714,3.485,0.93,1,1G,2,2G,2,2G,4,4G,0,0,1,1G,0,0,3,3,2,2A,1,1,2,2G,2,2,2,2,2,2G,0,0,2,2G
NLD,2020-11-24,Europe,Netherlands,60.286,3.518,0.92,1,1G,2,2G,2,2G,4,4G,0,0,1,1G,0,0,3,3,2,2A,1,1,2,2G,2,2,2,2,2,2G,0,0,2,2G
NLD,2020-11-25,Europe,Netherlands,59,3.443,0.93,1,1G,2,2G,2,2G,4,4G,0,0,1,1G,0,0,3,3,2,2A,1,1,2,2G,2,2,2,2,2,2G,0,0,2,2G
NLD,2020-11-26,Europe,Netherlands,59.143,3.452,0.93,1,1G,2,2G,2,2G,4,4G,0,0,1,1G,0,0,3,3,2,2A,1,1,2,2G,2,2,2,2,2,2G,0,0,2,2G
NLD,2020-11-27,Europe,Netherlands,63.571,3.71,0.94,1,1G,2,2G,2,2G,4,4G,0,0,1,1G,0,0,3,3,2,2A,1,1,2,2G,2,2,2,2,2,2G,0,0,2,2G
NLD,2020-11-28,Europe,Netherlands,65.286,3.81,0.95,1,1G,2,2G,2,2G,4,4G,0,0,1,1G,0,0,3,3,2,2A,1,1,2,2G,2,2,2,2,2,2G,0,0,2,2G
NLD,2020-11-29,Europe,Netherlands,65.571,3.827,0.97,1,1G,2,2G,2,2G,4,4G,0,0,1,1G,0,0,3,3,2,2A,1,1,2,2G,2,2,2,2,2,2G,0,0,2,2G
NLD,2020-11-30,Europe,Netherlands,61.714,3.602,0.99,1,1G,2,2G,2,2G,4,4G,0,0,1,1G,0,0,3,3,2,2A,1,1,2,2G,2,2,2,2,2,2G,0,0,2,2G
NLD,2020-12-01,Europe,Netherlands,58.143,3.393,1.02,1,1G,2,2G,2,2G,4,4G,0,0,1,1G,0,0,3,3,2,2A,1,1,2,2G,2,2,1,1,2,2G,0,0,2,2G
NLD,2020-12-02,Europe,Netherlands,57,3.327,1.05,1,1G,2,2G,2,2G,4,4G,0,0,1,1G,0,0,3,3,2,2A,1,1,2,2G,2,2,1,1,2,2G,0,0,2,2G
NLD,2020-12-03,Europe,Netherlands,55,3.21,1.08,1,1G,2,2G,2,2G,4,4G,0,0,1,1G,0,0,3,3,2,2A,1,1,2,2G,2,2,1,1,2,2G,0,0,2,2G
NLD,2020-12-04,Europe,Netherlands,51.571,3.01,1.11,1,1G,2,2G,2,2G,4,4G,0,0,1,1G,0,0,3,3,2,2A,1,1,2,2G,2,2,1,1,2,2G,0,0,2,2G
NLD,2020-12-05,Europe,Netherlands,48.571,2.835,1.15,1,1G,2,2G,2,2G,4,4G,0,0,1,1G,0,0,3,3,2,2A,1,1,2,2G,2,2,1,1,2,2G,0,0,2,2G
NLD,2020-12-06,Europe,Netherlands,48.857,2.851,1.18,1,1G,2,2G,2,2G,4,4G,0,0,1,1G,0,0,3,3,2,2A,1,1,2,2G,2,2,1,1,2,2G,0,0,2,2G
NLD,2020-12-07,Europe,Netherlands,47.571,2.776,1.21,1,1G,2,2G,2,2G,4,4G,0,0,1,1G,0,0,3,3,2,2A,1,1,2,2G,2,2,1,1,2,2G,0,0,2,2G
NLD,2020-12-08,Europe,Netherlands,48.429,2.826,1.23,1,1G,2,2G,2,2G,4,4G,0,0,1,1G,0,0,3,3,2,2A,1,1,2,2G,2,2,1,1,2,2G,0,0,2,2G
NLD,2020-12-09,Europe,Netherlands,48.429,2.826,1.23,1,1G,2,2G,2,2G,4,4G,0,0,1,1G,0,0,3,3,2,2A,1,1,2,2G,2,2,1,1,2,2G,0,0,2,2G
NLD,2020-12-10,Europe,Netherlands,48.571,2.835,1.25,1,1G,2,2G,2,2G,4,4G,0,0,1,1G,0,0,3,3,2,2A,1,1,2,2G,2,2,1,1,2,2G,0,0,2,2G
NLD,2020-12-11,Europe,Netherlands,49.571,2.893,1.26,1,1G,2,2G,2,2G,4,4G,0,0,1,1G,0,0,3,3,2,2A,1,1,2,2G,2,2,1,1,2,2G,0,0,2,2G
NLD,2020-12-12,Europe,Netherlands,51.571,3.01,1.27,1,1G,2,2G,2,2G,4,4G,0,0,1,1G,0,0,3,3,2,2A,1,1,2,2G,2,2,1,1,2,2G,0,0,2,2G
NLD,2020-12-13,Europe,Netherlands,52.286,3.051,1.27,1,1G,2,2G,2,2G,4,4G,0,0,1,1G,0,0,3,3,2,2A,1,1,2,2G,2,2,1,1,2,2G,0,0,2,2G
NLD,2020-12-14,Europe,Netherlands,54.571,3.185,1.27,1,1G,2,2G,2,2G,4,4G,0,0,1,1G,0,0,3,3,2,2A,1,1,2,2G,2,2,1,1,2,2G,0,0,2,2G
NLD,2020-12-15,Europe,Netherlands,56.714,3.31,1.27,1,1G,3,3G,2,2G,4,4G,1,1G,1,1G,1,1G,3,3,2,2A,1,1,2,2G,2,2,1,1,2,2G,0,0,2,2G
NLD,2020-12-16,Europe,Netherlands,58.571,3.418,1.29,3,3G,3,3G,2,2G,4,4G,1,1G,1,1G,1,1G,3,3,2,2A,1,1,2,2G,2,2,1,1,2,2G,0,0,2,2G
NLD,2020-12-17,Europe,Netherlands,60.429,3.527,1.29,3,3G,3,3G,2,2G,4,4G,1,1G,1,1G,1,1G,3,3,2,2A,1,1,2,2G,2,2,1,1,2,2G,0,0,2,2G
NLD,2020-12-18,Europe,Netherlands,63,3.677,1.27,3,3G,3,3G,2,2G,4,4G,1,1G,1,1G,1,1G,3,3,2,2A,1,1,2,2G,2,2,1,1,2,2G,0,0,2,2G
NLD,2020-12-19,Europe,Netherlands,63.143,3.685,1.25,3,3G,3,3G,2,2G,4,4G,1,1G,1,1G,1,1G,3,3,2,2A,1,1,2,2G,2,2,1,1,2,2G,0,0,2,2G
NLD,2020-12-20,Europe,Netherlands,63.429,3.702,1.22,3,3G,3,3G,2,2G,4,4G,1,1G,1,1G,1,1G,3,3,2,2A,1,1,2,2G,2,2,1,1,2,2G,0,0,2,2G
NLD,2020-12-21,Europe,Netherlands,62.571,3.652,1.18,3,3G,3,3G,2,2G,4,4G,1,1G,1,1G,1,1G,3,3,2,2A,1,1,2,2G,2,2,1,1,2,2G,0,0,2,2G
NLD,2020-12-22,Europe,Netherlands,66.571,3.885,1.13,3,3G,3,3G,2,2G,4,4G,1,1G,1,1G,1,1G,3,3,2,2A,1,1,2,2G,2,2,1,1,2,2G,0,0,2,2G
NLD,2020-12-23,Europe,Netherlands,70.286,4.102,1.08,3,3G,3,3G,2,2G,4,4G,1,1G,1,1G,1,1G,3,3,2,2A,1,1,2,2G,2,2,1,1,2,2G,0,0,2,2G
NLD,2020-12-24,Europe,Netherlands,72.286,4.219,1.04,3,3G,3,3G,2,2G,4,4G,1,1G,1,1G,1,1G,3,3,2,2A,1,1,2,2G,2,2,1,1,2,2G,0,0,2,2G
NLD,2020-12-25,Europe,Netherlands,74.714,4.36,1,3,3G,3,3G,2,2G,4,4G,1,1G,1,1G,1,1G,3,3,2,2A,1,1,2,2G,2,2,1,1,2,2G,0,0,2,2G
NLD,2020-12-26,Europe,Netherlands,73.714,4.302,0.97,3,3G,3,3G,2,2G,4,4G,1,1G,1,1G,1,1G,3,3,2,2A,1,1,2,2G,2,2,1,1,2,2G,0,0,2,2G
NLD,2020-12-27,Europe,Netherlands,73.143,4.269,0.94,3,3G,3,3G,2,2G,4,4G,1,1G,1,1G,1,1G,3,3,2,2A,1,1,2,2G,2,2,1,1,2,2G,0,0,2,2G
NLD,2020-12-28,Europe,Netherlands,75.571,4.41,0.93,3,3G,3,3G,2,2G,4,4G,1,1G,1,1G,1,1G,3,3,2,2A,1,1,2,2G,2,2,1,1,2,2G,0,0,2,2G
NLD,2020-12-29,Europe,Netherlands,83.571,4.877,0.92,3,3G,3,3G,2,2G,4,4G,1,1G,1,1G,1,1G,3,3,2,2A,1,1,2,2G,2,2,1,1,2,2G,0,0,2,2G
NLD,2020-12-30,Europe,Netherlands,84.571,4.936,0.91,3,3G,3,3G,2,2G,4,4G,1,1G,1,1G,1,1G,3,3,2,2A,1,1,2,2G,2,2,1,1,2,2G,0,0,2,2G
NLD,2020-12-31,Europe,Netherlands,87.286,5.094,0.89,3,3G,3,3G,2,2G,4,4G,1,1G,1,1G,1,1G,3,3,2,2A,1,1,2,2G,2,2,1,1,2,2G,0,0,2,2G
NLD,2021-01-01,Europe,Netherlands,87,5.077,0.88,3,3G,3,3G,2,2G,4,4G,1,1G,1,1G,1,1G,3,3,2,2A,1,1,2,2G,2,2,1,1,2,2G,0,0,2,2G
NLD,2021-01-02,Europe,Netherlands,85.429,4.986,0.87,3,3G,3,3G,2,2G,4,4G,1,1G,1,1G,1,1G,3,3,2,2A,1,1,2,2G,2,2,1,1,2,2G,0,0,2,2G
NLD,2021-01-03,Europe,Netherlands,88.143,5.144,0.87,3,3G,3,3G,2,2G,4,4G,1,1G,1,1G,1,1G,3,3,2,2A,1,1,2,2G,2,2,1,1,2,2G,0,0,2,2G
NLD,2021-01-04,Europe,Netherlands,90.714,5.294,0.87,3,3G,3,3G,2,2G,4,4G,1,1G,1,1G,1,1G,3,3,2,2A,1,1,2,2G,2,2,1,1,2,2G,0,0,2,2G
NLD,2021-01-05,Europe,Netherlands,88.143,5.144,0.88,3,3G,3,3G,2,2G,4,4G,1,1G,1,1G,1,1G,3,3,2,2A,1,1,2,2G,2,2,1,1,2,2G,0,0,2,2G
NLD,2021-01-06,Europe,Netherlands,97,5.661,0.88,3,3G,3,3G,2,2G,4,4G,1,1G,1,1G,1,1G,3,3,2,2A,1,1,2,2G,2,2,1,1,2,2G,1,1G,2,2G
NLD,2021-01-07,Europe,Netherlands,93.857,5.478,0.88,3,3G,3,3G,2,2G,4,4G,1,1G,1,1G,1,1G,3,3,2,2A,1,1,2,2G,2,2,1,1,2,2G,1,1G,2,2G
NLD,2021-01-08,Europe,Netherlands,92.143,5.378,0.87,3,3G,3,3G,2,2G,4,4G,1,1G,1,1G,1,1G,3,3,2,2A,1,1,2,2G,2,2,1,1,2,2G,1,1G,2,2G
NLD,2021-01-09,Europe,Netherlands,106.571,6.22,0.86,3,3G,3,3G,2,2G,4,4G,1,1G,1,1G,1,1G,3,3,2,2A,1,1,2,2G,2,2,1,1,2,2G,1,1G,2,2G
NLD,2021-01-10,Europe,Netherlands,107.714,6.286,0.84,3,3G,3,3G,2,2G,4,4G,1,1G,1,1G,1,1G,3,3,2,2A,1,1,2,2G,2,2,1,1,2,2G,1,1G,2,2G
NLD,2021-01-11,Europe,Netherlands,106,6.186,0.83,3,3G,3,3G,2,2G,4,4G,1,1G,1,1G,1,1G,3,3,2,2A,1,1,2,2G,2,2,1,1,2,2G,1,1G,2,2G
NLD,2021-01-12,Europe,Netherlands,106,6.186,0.82,3,3G,3,3G,2,2G,4,4G,1,1G,1,1G,1,1G,3,3,2,2A,1,1,2,2G,2,2,1,1,2,2G,1,1G,2,2G
NLD,2021-01-13,Europe,Netherlands,98.571,5.753,0.82,3,3G,3,3G,2,2G,4,4G,1,1G,1,1G,1,1G,3,3,2,2A,1,1,2,2G,2,2,1,1,2,2G,1,1G,2,2G
NLD,2021-01-14,Europe,Netherlands,99,5.778,0.81,3,3G,3,3G,2,2G,4,4G,1,1G,1,1G,1,1G,3,3,2,2A,1,1,2,2G,2,2,1,1,2,2G,1,1G,2,2G
NLD,2021-01-15,Europe,Netherlands,100,5.836,0.81,3,3G,3,3G,2,2G,4,4G,1,1G,1,1G,1,1G,3,3,2,2A,1,1,2,2G,2,2,1,1,2,2G,1,1G,2,2G
NLD,2021-01-16,Europe,Netherlands,94.286,5.503,0.82,3,3G,3,3G,2,2G,4,4G,1,1G,1,1G,1,1G,3,3,2,2A,1,1,2,2G,2,2,1,1,2,2G,1,1G,2,2G
NLD,2021-01-17,Europe,Netherlands,92.286,5.386,0.83,3,3G,3,3G,2,2G,4,4G,1,1G,1,1G,1,1G,3,3,2,2A,1,1,2,2G,2,2,1,1,2,2G,1,1G,2,2G
NLD,2021-01-18,Europe,Netherlands,92.143,5.378,0.84,3,3G,3,3G,2,2G,4,4G,1,1G,1,1G,1,1G,3,3,2,2A,1,1,2,2G,2,2,1,1,2,2G,1,1G,2,2G
NLD,2021-01-19,Europe,Netherlands,85.714,5.002,0.85,3,3G,3,3G,2,2G,4,4G,1,1G,1,1G,1,1G,3,3,2,2A,1,1,2,2G,2,2,1,1,2,2G,1,1G,2,2G
NLD,2021-01-20,Europe,Netherlands,80.571,4.702,0.85,3,3G,3,3G,2,2G,4,4G,1,1G,1,1G,1,1G,3,3,2,2A,1,1,2,2G,2,2,1,1,2,2G,1,1G,2,2G
NLD,2021-01-21,Europe,Netherlands,80.571,4.702,0.85,3,3G,3,3G,2,2G,4,4G,1,1G,1,1G,1,1G,3,3,2,2A,1,1,2,2G,2,2,1,1,2,2G,1,1G,2,2G
NLD,2021-01-22,Europe,Netherlands,79.857,4.661,0.86,3,3G,3,3G,2,2G,4,4G,1,1G,1,1G,1,1G,3,3,2,2A,1,1,2,2G,2,2,1,1,2,2G,1,1G,2,2G
NLD,2021-01-23,Europe,Netherlands,78.571,4.585,0.86,3,3G,3,3G,2,2G,4,4G,1,1G,2,2G,1,1G,3,3,2,2A,1,1,2,2G,2,2,1,1,2,2G,1,1G,2,2G
NLD,2021-01-24,Europe,Netherlands,77,4.494,0.86,3,3G,3,3G,2,2G,4,4G,1,1G,2,2G,1,1G,3,3,2,2A,1,1,2,2G,2,2,1,1,2,2G,1,1G,2,2G
NLD,2021-01-25,Europe,Netherlands,75.571,4.41,0.85,3,3G,3,3G,2,2G,4,4G,1,1G,2,2G,1,1G,3,3,2,2A,1,1,2,2G,2,2,1,1,2,2G,1,1G,2,2G
NLD,2021-01-26,Europe,Netherlands,72.571,4.235,0.85,3,3G,3,3G,2,2G,4,4G,1,1G,2,2G,1,1G,3,3,2,2A,1,1,2,2G,2,2,1,1,2,2G,1,1G,2,2G
NLD,2021-01-27,Europe,Netherlands,70.143,4.094,0.84,3,3G,3,3G,2,2G,4,4G,1,1G,2,2G,1,1G,3,3,2,2A,1,1,2,2G,2,2,1,1,2,2G,1,1G,2,2G
NLD,2021-01-28,Europe,Netherlands,69.429,4.052,0.83,3,3G,3,3G,2,2G,4,4G,1,1G,2,2G,1,1G,3,3,2,2A,1,1,2,2G,2,2,1,1,2,2G,1,1G,2,2G
NLD,2021-01-29,Europe,Netherlands,64.714,3.777,0.82,3,3G,3,3G,2,2G,4,4G,1,1G,2,2G,1,1G,3,3,2,2A,1,1,2,2G,2,2,1,1,2,2G,1,1G,2,2G
NLD,2021-01-30,Europe,Netherlands,64.714,3.777,0.83,3,3G,3,3G,2,2G,4,4G,1,1G,2,2G,1,1G,3,3,2,2A,1,1,2,2G,2,2,1,1,2,2G,2,2G,2,2G
NLD,2021-01-31,Europe,Netherlands,66,3.852,0.83,3,3G,3,3G,2,2G,4,4G,1,1G,2,2G,1,1G,3,3,2,2A,1,1,2,2G,2,2,1,1,2,2G,2,2G,2,2G
NLD,2021-02-01,Europe,Netherlands,64.143,3.743,0.85,3,3G,3,3G,2,2G,4,4G,1,1G,2,2G,1,1G,3,3,2,2A,1,1,2,2G,2,2,1,1,2,2G,2,2G,2,2G
NLD,2021-02-02,Europe,Netherlands,63.714,3.718,0.86,3,3G,3,3G,2,2G,4,4G,1,1G,2,2G,1,1G,3,3,2,2A,1,1,2,2G,2,2,1,1,2,2G,2,2G,2,2G
NLD,2021-02-03,Europe,Netherlands,62.857,3.668,0.87,3,3G,3,3G,2,2G,4,4G,1,1G,2,2G,1,1G,3,3,2,2A,1,1,2,2G,2,2,1,1,2,2G,2,2G,2,2G
NLD,2021-02-04,Europe,Netherlands,60.143,3.51,0.86,3,3G,3,3G,2,2G,4,4G,1,1G,2,2G,1,1G,3,3,2,2A,1,1,2,2G,2,2,1,1,2,2G,2,2G,2,2G
NLD,2021-02-05,Europe,Netherlands,60.857,3.552,0.86,3,3G,3,3G,2,2G,4,4G,1,1G,2,2G,1,1G,3,3,2,2A,1,1,2,2G,2,2,1,1,2,2G,2,2G,2,2G
NLD,2021-02-06,Europe,Netherlands,57,3.327,0.86,3,3G,3,3G,2,2G,4,4G,1,1G,2,2G,1,1G,3,3,2,2A,1,1,2,2G,2,2,1,1,2,2G,2,2G,2,2G
NLD,2021-02-07,Europe,Netherlands,58.286,3.402,0.86,3,3G,3,3G,2,2G,4,4G,1,1G,2,2G,1,1G,3,3,2,2A,1,1,2,2G,2,2,1,1,2,2G,2,2G,2,2G
NLD,2021-02-08,Europe,Netherlands,58.286,3.402,0.86,2,2G,3,3G,2,2G,4,4G,1,1G,2,2G,1,1G,3,3,2,2A,1,1,2,2G,2,2,1,1,2,2G,2,2G,2,2G
NLD,2021-02-09,Europe,Netherlands,58.714,3.427,0.87,2,2G,3,3G,2,2G,4,4G,1,1G,2,2G,1,1G,3,3,2,2A,1,1,2,2G,2,2,1,1,2,2G,2,2G,2,2G
NLD,2021-02-10,Europe,Netherlands,61.286,3.577,0.9,2,2G,3,3G,2,2G,4,4G,1,1G,2,2G,1,1G,3,3,2,2A,1,1,2,2G,2,2,1,1,2,2G,2,2G,2,2G
NLD,2021-02-11,Europe,Netherlands,62.286,3.635,0.93,2,2G,3,3G,2,2G,4,4G,1,1G,2,2G,1,1G,3,3,2,2A,1,1,2,2G,2,2,1,1,2,2G,2,2G,2,2G
NLD,2021-02-12,Europe,Netherlands,62.857,3.668,0.95,2,2G,3,3G,2,2G,4,4G,1,1G,2,2G,1,1G,3,3,2,2A,1,1,2,2G,2,2,1,1,2,2G,2,2G,2,2G
NLD,2021-02-13,Europe,Netherlands,63.571,3.71,0.97,2,2G,3,3G,2,2G,4,4G,1,1G,2,2G,1,1G,3,3,2,2A,1,1,2,2G,2,2,1,1,2,2G,2,2G,2,2G
NLD,2021-02-14,Europe,Netherlands,60,3.502,0.97,2,2G,3,3G,2,2G,4,4G,1,1G,2,2G,1,1G,3,3,2,2A,1,1,2,2G,2,2,1,1,2,2G,2,2G,2,2G
NLD,2021-02-15,Europe,Netherlands,60,3.502,0.98,2,2G,3,3G,2,2G,4,4G,1,1G,2,2G,1,1G,3,3,2,2A,1,1,2,2G,2,2,1,1,2,2G,2,2G,2,2G
NLD,2021-02-16,Europe,Netherlands,60.143,3.51,1,2,2G,3,3G,2,2G,4,4G,1,1G,2,2G,1,1G,3,3,2,2A,1,1,2,2G,2,2,1,1,2,2G,2,2G,2,2G
NLD,2021-02-17,Europe,Netherlands,61.143,3.568,1.03,2,2G,3,3G,2,2G,4,4G,1,1G,2,2G,1,1G,3,3,2,2A,1,1,2,2G,2,2,1,1,2,2G,2,2G,2,2G
NLD,2021-02-18,Europe,Netherlands,61.286,3.577,1.06,2,2G,3,3G,2,2G,4,4G,1,1G,2,2G,1,1G,3,3,2,2A,1,1,2,2G,2,2,1,1,2,2G,2,2G,2,2G
NLD,2021-02-19,Europe,Netherlands,59.143,3.452,1.09,2,2G,3,3G,2,2G,4,4G,1,1G,2,2G,1,1G,3,3,2,2A,1,1,2,2G,2,2,1,1,2,2G,3,3G,2,2G
NLD,2021-02-20,Europe,Netherlands,58.571,3.418,1.1,2,2G,3,3G,2,2G,4,4G,1,1G,2,2G,1,1G,3,3,2,2A,1,1,2,2G,2,2,1,1,2,2G,3,3G,2,2G
NLD,2021-02-21,Europe,Netherlands,57.714,3.368,1.12,2,2G,3,3G,2,2G,4,4G,1,1G,2,2G,1,1G,3,3,2,2A,1,1,2,2G,2,2,1,1,2,2G,3,3G,2,2G
NLD,2021-02-22,Europe,Netherlands,58.429,3.41,1.12,2,2G,3,3G,2,2G,4,4G,1,1G,2,2G,1,1G,3,3,2,2A,1,1,2,2G,2,2,1,1,2,2G,3,3G,2,2G
NLD,2021-02-23,Europe,Netherlands,59.429,3.468,1.11,2,2G,3,3G,2,2G,4,4G,1,1G,2,2G,1,1G,3,3,2,2A,1,1,2,2G,2,2,1,1,2,2G,3,3G,2,2G
NLD,2021-02-24,Europe,Netherlands,55.857,3.26,1.1,2,2G,3,3G,2,2G,4,4G,1,1G,2,2G,1,1G,3,3,2,2A,1,1,2,2G,2,2,1,1,2,2G,3,3G,2,2G
NLD,2021-02-25,Europe,Netherlands,50,2.918,1.09,2,2G,3,3G,2,2G,4,4G,1,1G,2,2G,1,1G,3,3,2,2A,1,1,2,2G,2,2,1,1,2,2G,3,3G,2,2G
NLD,2021-02-26,Europe,Netherlands,52.143,3.043,1.08,2,2G,3,3G,2,2G,4,4G,1,1G,2,2G,1,1G,3,3,2,2A,1,1,2,2G,2,2,1,1,2,2G,3,3G,2,2G
NLD,2021-02-27,Europe,Netherlands,49.286,2.876,1.07,2,2G,3,3G,2,2G,4,4G,1,1G,2,2G,1,1G,3,3,2,2A,1,1,2,2G,2,2,1,1,2,2G,3,3G,2,2G
NLD,2021-02-28,Europe,Netherlands,49.714,2.901,1.06,2,2G,3,3G,2,2G,4,4G,1,1G,2,2G,1,1G,3,3,2,2A,1,1,2,2G,2,2,1,1,2,2G,3,3G,2,2G
NLD,2021-03-01,Europe,Netherlands,48.286,2.818,1.06,2,2G,3,3G,2,2G,4,4G,1,1G,2,2G,1,1G,3,3,2,2A,1,1,2,2G,2,2,1,1,2,2G,3,3G,2,2G
NLD,2021-03-02,Europe,Netherlands,44.143,2.576,1.05,2,2G,3,3G,2,2G,4,4G,1,1G,2,2G,1,1G,3,3,2,2A,1,1,2,2G,2,2,1,1,2,2G,3,3G,2,2G
NLD,2021-03-03,Europe,Netherlands,42.143,2.459,1.05,2,2G,2,2G,2,2G,4,4G,1,1G,2,2G,1,1G,3,3,2,2A,1,1,2,2G,2,2,1,1,2,2G,3,3G,2,2G
NLD,2021-03-04,Europe,Netherlands,42.286,2.468,1.03,2,2G,2,2G,2,2G,4,4G,1,1G,2,2G,1,1G,3,3,2,2A,1,1,2,2G,2,2,1,1,2,2G,3,3G,2,2G
NLD,2021-03-05,Europe,Netherlands,37.714,2.201,1.04,2,2G,2,2G,2,2G,4,4G,1,1G,2,2G,1,1G,3,3,2,2A,1,1,2,2G,2,2,1,1,2,2G,3,3G,2,2G
NLD,2021-03-06,Europe,Netherlands,37.571,2.193,1.05,2,2G,2,2G,2,2G,4,4G,1,1G,2,2G,1,1G,3,3,2,2A,1,1,2,2G,2,2,1,1,2,2G,3,3G,2,2G
NLD,2021-03-07,Europe,Netherlands,39.143,2.284,1.06,2,2G,2,2G,2,2G,4,4G,1,1G,2,2G,1,1G,3,3,2,2A,1,1,2,2G,2,2,1,1,2,2G,3,3G,2,2G
NLD,2021-03-08,Europe,Netherlands,40,2.334,1.08,2,2G,2,2G,2,2G,4,4G,1,1G,2,2G,1,1G,3,3,2,2A,1,1,2,2G,2,2,1,1,2,2G,3,3G,2,2G
NLD,2021-03-09,Europe,Netherlands,38.714,2.259,1.1,2,2G,2,2G,2,2G,4,4G,1,1G,2,2G,1,1G,3,3,2,2A,1,1,2,2G,2,2,1,1,2,2G,3,3G,2,2G
NLD,2021-03-10,Europe,Netherlands,36.143,2.109,1.12,2,2G,2,2G,2,2G,4,4G,1,1G,2,2G,1,1G,3,3,2,2A,1,1,2,2G,2,2,1,1,2,2G,3,3G,2,2G
NLD,2021-03-11,Europe,Netherlands,38.571,2.251,1.13,2,2G,2,2G,2,2G,4,4G,1,1G,2,2G,1,1G,3,3,2,2A,1,1,2,2G,2,2,1,1,2,2G,3,3G,2,2G
NLD,2021-03-12,Europe,Netherlands,37.571,2.193,1.15,2,2G,2,2G,2,2G,4,4G,1,1G,2,2G,1,1G,3,3,2,2A,1,1,2,2G,2,2,1,1,2,2G,3,3G,2,2G
NLD,2021-03-13,Europe,Netherlands,35,2.043,1.16,2,2G,2,2G,2,2G,4,4G,1,1G,2,2G,1,1G,3,3,2,2A,1,1,2,2G,2,2,1,1,2,2G,3,3G,2,2G
NLD,2021-03-14,Europe,Netherlands,34,1.984,1.16,2,2G,2,2G,2,2G,4,4G,1,1G,2,2G,1,1G,3,3,2,2A,1,1,2,2G,2,2,1,1,2,2G,3,3G,2,2G
NLD,2021-03-15,Europe,Netherlands,32.571,1.901,1.17,2,2G,2,2G,2,2G,4,4G,1,1G,2,2G,1,1G,3,3,2,2A,1,1,2,2G,2,2,1,1,2,2G,3,3G,2,2G
NLD,2021-03-16,Europe,Netherlands,29.286,1.709,1.16,2,2G,2,2G,2,2G,4,4G,1,1G,2,2G,1,1G,3,3,2,2A,1,1,2,2G,2,2,1,1,2,2G,3,3G,2,2G
NLD,2021-03-17,Europe,Netherlands,31.571,1.843,1.16,2,2G,2,2G,2,2G,4,4G,1,1G,2,2G,1,1G,3,3,2,2A,1,1,2,2G,2,2,1,1,2,2G,3,3G,2,2G
NLD,2021-03-18,Europe,Netherlands,29.286,1.709,1.16,2,2G,2,2G,2,2G,4,4G,1,1G,2,2G,1,1G,3,3,2,2A,1,1,2,2G,2,2,1,1,2,2G,3,3G,2,2G
NLD,2021-03-19,Europe,Netherlands,32.286,1.884,1.17,2,2G,2,2G,2,2G,4,4G,1,1G,2,2G,1,1G,3,3,2,2A,1,1,2,2G,2,2,1,1,2,2G,3,3G,2,2G
NLD,2021-03-20,Europe,Netherlands,31.286,1.826,1.17,2,2G,2,2G,2,2G,4,4G,1,1G,2,2G,1,1G,3,3,2,2A,1,1,2,2G,2,2,1,1,2,2G,3,3G,2,2G
NLD,2021-03-21,Europe,Netherlands,30.143,1.759,1.17,2,2G,2,2G,2,2G,4,4G,1,1G,2,2G,1,1G,3,3,2,2A,1,1,2,2G,2,2,1,1,2,2G,3,3G,2,2G
NLD,2021-03-22,Europe,Netherlands,29.714,1.734,1.17,2,2G,2,2G,2,2G,4,4G,1,1G,2,2G,1,1G,3,3,2,2A,1,1,2,2G,2,2,1,1,2,2G,3,3G,2,2G
NLD,2021-03-23,Europe,Netherlands,32,1.868,1.16,2,2G,2,2G,2,2G,4,4G,1,1G,2,2G,1,1G,3,3,2,2A,1,1,2,2G,2,2,1,1,2,2G,3,3G,2,2G
NLD,2021-03-24,Europe,Netherlands,30.286,1.767,1.16,2,2G,2,2G,2,2G,4,4G,1,1G,2,2G,1,1G,3,3,2,2A,1,1,2,2G,2,2,1,1,2,2G,3,3G,2,2G
NLD,2021-03-25,Europe,Netherlands,29.143,1.701,1.15,2,2G,2,2G,2,2G,4,4G,1,1G,2,2G,1,1G,3,3,2,2A,1,1,2,2G,2,2,1,1,2,2G,3,3G,2,2G
NLD,2021-03-26,Europe,Netherlands,26,1.517,1.13,2,2G,2,2G,2,2G,4,4G,1,1G,2,2G,1,1G,3,3,2,2A,1,1,2,2G,2,2,1,1,2,2G,3,3G,2,2G
NLD,2021-03-27,Europe,Netherlands,28.143,1.642,1.12,2,2G,2,2G,2,2G,4,4G,1,1G,2,2G,1,1G,3,3,2,2A,1,1,2,2G,2,2,1,1,2,2G,3,3G,2,2G
NLD,2021-03-28,Europe,Netherlands,28,1.634,1.11,2,2G,2,2G,2,2G,4,4G,1,1G,2,2G,1,1G,3,3,2,2A,1,1,2,2G,2,2,1,1,2,2G,3,3G,2,2G
NLD,2021-03-29,Europe,Netherlands,27.714,1.617,1.09,2,2G,2,2G,2,2G,4,4G,1,1G,2,2G,1,1G,3,3,2,2A,1,1,2,2G,2,2,1,1,2,2G,3,3G,2,2G
NLD,2021-03-30,Europe,Netherlands,26,1.517,1.07,2,2G,2,2G,2,2G,4,4G,1,1G,2,2G,1,1G,3,3,2,2A,1,1,2,2G,2,2,1,1,2,2G,3,3G,2,2G
NLD,2021-03-31,Europe,Netherlands,25.571,1.492,1.06,2,2G,2,2G,2,2G,4,4G,1,1G,2,2G,1,1G,3,3,2,2A,1,1,2,2G,2,2,1,1,2,2G,3,3G,2,2G
NLD,2021-04-01,Europe,Netherlands,25.286,1.476,1.04,2,2G,2,2G,2,2G,4,4G,1,1G,2,2G,1,1G,3,3,2,2A,1,1,2,2G,2,2,1,1,2,2G,3,3G,2,2G
NLD,2021-04-02,Europe,Netherlands,24.571,1.434,1.02,2,2G,2,2G,2,2G,4,4G,1,1G,2,2G,1,1G,3,3,2,2A,1,1,2,2G,2,2,1,1,2,2G,3,3G,2,2G
NLD,2021-04-03,Europe,Netherlands,24.857,1.451,1,2,2G,2,2G,2,2G,4,4G,1,1G,2,2G,1,1G,3,3,2,2A,1,1,2,2G,2,2,1,1,2,2G,3,3G,2,2G
NLD,2021-04-04,Europe,Netherlands,26.143,1.526,0.99,2,2G,2,2G,2,2G,4,4G,1,1G,2,2G,1,1G,3,3,2,2A,1,1,2,2G,2,2,1,1,2,2G,3,3G,2,2G
NLD,2021-04-05,Europe,Netherlands,25.857,1.509,0.99,2,2G,2,2G,2,2G,4,4G,1,1G,2,2G,1,1G,3,3,2,2A,1,1,2,2G,2,2,1,1,2,2G,3,3G,2,2G
NLD,2021-04-06,Europe,Netherlands,24.143,1.409,0.99,2,2G,2,2G,2,2G,4,4G,1,1G,2,2G,1,1G,3,3,2,2A,1,1,2,2G,2,2,1,1,2,2G,3,3G,2,2G
NLD,2021-04-07,Europe,Netherlands,23,1.342,1,2,2G,2,2G,2,2G,4,4G,1,1G,2,2G,1,1G,3,3,2,2A,1,1,2,2G,2,2,1,1,2,2G,3,3G,2,2G
NLD,2021-04-08,Europe,Netherlands,22.857,1.334,1.01,2,2G,2,2G,2,2G,4,4G,1,1G,2,2G,1,1G,3,3,2,2A,1,1,2,2G,2,2,1,1,2,2G,3,3G,2,2G
NLD,2021-04-09,Europe,Netherlands,26,1.517,1.02,2,2G,2,2G,2,2G,4,4G,1,1G,2,2G,1,1G,3,3,2,2A,1,1,2,2G,2,2,1,1,2,2G,3,3G,2,2G
NLD,2021-04-10,Europe,Netherlands,24.714,1.442,1.03,2,2G,2,2G,2,2G,4,4G,1,1G,2,2G,1,1G,3,3,2,2A,1,1,2,2G,2,2,1,1,2,2G,3,3G,2,2G
NLD,2021-04-11,Europe,Netherlands,24.143,1.409,1.04,2,2G,2,2G,2,2G,4,4G,1,1G,2,2G,1,1G,3,3,2,2A,1,1,2,2G,2,2,1,1,2,2G,3,3G,2,2G
NLD,2021-04-12,Europe,Netherlands,25.714,1.501,1.04,2,2G,2,2G,2,2G,4,4G,1,1G,2,2G,1,1G,3,3,2,2A,1,1,2,2G,2,2,1,1,2,2G,3,3G,2,2G
NLD,2021-04-13,Europe,Netherlands,27.429,1.601,1.03,2,2G,2,2G,2,2G,4,4G,1,1G,2,2G,1,1G,3,3,2,2A,1,1,2,2G,2,2,1,1,2,2G,3,3G,2,2G
NLD,2021-04-14,Europe,Netherlands,28.286,1.651,1.03,2,2G,2,2G,2,2G,4,4G,1,1G,2,2G,1,1G,3,3,2,2A,1,1,2,2G,2,2,1,1,2,2G,3,3G,2,2G
NLD,2021-04-15,Europe,Netherlands,27.143,1.584,1.04,2,2G,2,2G,2,2G,4,4G,1,1G,2,2G,1,1G,3,3,2,2A,1,1,2,2G,2,2,1,1,2,2G,3,3G,2,2G
NLD,2021-04-16,Europe,Netherlands,23.571,1.376,1.06,2,2G,2,2G,2,2G,4,4G,1,1G,2,2G,1,1G,3,3,2,2A,1,1,2,2G,2,2,1,1,2,2G,3,3G,2,2G
NLD,2021-04-17,Europe,Netherlands,25,1.459,1.06,2,2G,2,2G,2,2G,4,4G,1,1G,2,2G,1,1G,3,3,2,2A,1,1,2,2G,2,2,1,1,2,2G,3,3G,2,2G
NLD,2021-04-18,Europe,Netherlands,24,1.401,1.06,2,2G,2,2G,2,2G,4,4G,1,1G,2,2G,1,1G,3,3,2,2A,1,1,2,2G,2,2,1,1,2,2G,3,3G,2,2G
NLD,2021-04-19,Europe,Netherlands,24.143,1.409,1.06,2,2G,2,2G,2,2G,4,4G,1,1G,2,2G,1,1G,3,3,2,2A,1,1,2,2G,2,2,1,1,2,2G,3,3G,2,2G
NLD,2021-04-20,Europe,Netherlands,23,1.342,1.06,2,2G,2,2G,2,2G,4,4G,1,1G,2,2G,1,1G,3,3,2,2A,1,1,2,2G,2,2,1,1,2,2G,3,3G,2,2G
NLD,2021-04-21,Europe,Netherlands,22,1.284,1.05,2,2G,2,2G,2,2G,4,4G,1,1G,2,2G,1,1G,3,3,2,2A,1,1,2,2G,2,2,1,1,2,2G,3,3G,2,2G
NLD,2021-04-22,Europe,Netherlands,23.286,1.359,1.04,2,2G,2,2G,2,2G,4,4G,1,1G,2,2G,1,1G,3,3,2,2A,1,1,2,2G,2,2,1,1,2,2G,3,3G,2,2G
NLD,2021-04-23,Europe,Netherlands,23.571,1.376,1.03,2,2G,2,2G,2,2G,4,4G,1,1G,2,2G,1,1G,3,3,2,2A,1,1,2,2G,2,2,1,1,2,2G,3,3G,2,2G
NLD,2021-04-24,Europe,Netherlands,22.143,1.292,1.01,2,2G,2,2G,2,2G,4,4G,1,1G,2,2G,1,1G,3,3,2,2A,1,1,2,2G,2,2,1,1,2,2G,3,3G,2,2G
NLD,2021-04-25,Europe,Netherlands,22,1.284,0.99,2,2G,2,2G,2,2G,4,4G,1,1G,2,2G,1,1G,3,3,2,2A,1,1,2,2G,2,2,1,1,2,2G,3,3G,2,2G
NLD,2021-04-26,Europe,Netherlands,20.714,1.209,0.97,1,1G,2,2G,2,2G,4,4G,1,1G,2,2G,1,1G,3,3,2,2A,1,1,2,2G,2,2,1,1,2,2G,3,3G,2,2G
NLD,2021-04-27,Europe,Netherlands,21.286,1.242,0.96,1,1G,2,2G,2,2G,4,4G,1,1G,2,2G,1,1G,3,3,2,2A,1,1,2,2G,2,2,1,1,2,2G,3,3G,2,2G
NLD,2021-04-28,Europe,Netherlands,19.571,1.142,0.97,1,1G,2,2G,2,2G,4,4G,1,1G,1,1G,1,1G,3,3,2,2A,1,1,2,2G,2,2,1,1,2,2G,3,3G,2,2G
NLD,2021-04-29,Europe,Netherlands,20.857,1.217,0.96,1,1G,2,2G,2,2G,4,4G,1,1G,1,1G,1,1G,3,3,2,2A,1,1,2,2G,2,2,1,1,2,2G,3,3G,2,2G
NLD,2021-04-30,Europe,Netherlands,21.857,1.276,0.95,1,1G,2,2G,2,2G,4,4G,1,1G,1,1G,1,1G,3,3,2,2A,1,1,2,2G,2,2,1,1,2,2G,3,3G,2,2G
NLD,2021-05-01,Europe,Netherlands,21.714,1.267,0.94,1,1G,2,2G,2,2G,4,4G,1,1G,1,1G,1,1G,3,3,2,2A,1,1,2,2G,2,2,1,1,2,2G,3,3G,2,2G
NLD,2021-05-02,Europe,Netherlands,20.571,1.201,0.96,1,1G,2,2G,2,2G,4,4G,1,1G,1,1G,1,1G,3,3,2,2A,1,1,2,2G,2,2,1,1,2,2G,3,3G,2,2G
NLD,2021-05-03,Europe,Netherlands,21.143,1.234,0.98,1,1G,2,2G,2,2G,4,4G,1,1G,1,1G,1,1G,3,3,2,2A,1,1,2,2G,2,2,1,1,2,2G,3,3G,2,2G
NLD,2021-05-04,Europe,Netherlands,21,1.226,0.98,1,1G,2,2G,2,2G,4,4G,1,1G,1,1G,1,1G,3,3,2,2A,1,1,2,2G,2,2,1,1,2,2G,3,3G,2,2G
NLD,2021-05-05,Europe,Netherlands,23.143,1.351,0.96,1,1G,2,2G,2,2G,4,4G,1,1G,1,1G,1,1G,3,3,2,2A,1,1,2,2G,2,2,1,1,2,2G,3,3G,2,2G
NLD,2021-05-06,Europe,Netherlands,21.857,1.276,0.94,1,1G,2,2G,2,2G,4,4G,1,1G,1,1G,1,1G,3,3,2,2A,1,1,2,2G,2,2,1,1,2,2G,3,3G,2,2G
NLD,2021-05-07,Europe,Netherlands,21.286,1.242,0.93,1,1G,2,2G,2,2G,4,4G,1,1G,1,1G,1,1G,3,3,2,2A,1,1,2,2G,2,2,1,1,2,2G,3,3G,2,2G
NLD,2021-05-08,Europe,Netherlands,22.429,1.309,0.92,1,1G,2,2G,2,2G,4,4G,1,1G,1,1G,1,1G,3,3,2,2A,1,1,2,2G,2,2,1,1,2,2G,3,3G,2,2G
NLD,2021-05-09,Europe,Netherlands,22.429,1.309,0.91,1,1G,2,2G,2,2G,4,4G,1,1G,1,1G,1,1G,3,3,2,2A,1,1,2,2G,2,2,1,1,2,2G,3,3G,2,2G
NLD,2021-05-10,Europe,Netherlands,22.714,1.326,0.88,1,1G,2,2G,2,2G,4,4G,1,1G,1,1G,1,1G,3,3,2,2A,1,1,2,2G,2,2,1,1,2,2G,3,3G,2,2G
NLD,2021-05-11,Europe,Netherlands,24.714,1.442,0.86,1,1G,2,2G,2,2G,4,4G,1,1G,1,1G,1,1G,3,3,2,2A,1,1,2,2G,2,2,1,1,2,2G,3,3G,2,2G
NLD,2021-05-12,Europe,Netherlands,23.286,1.359,0.84,1,1G,2,2G,2,2G,4,4G,1,1G,1,1G,1,1G,3,3,2,2A,1,1,2,2G,2,2,1,1,2,2G,3,3G,2,2G
NLD,2021-05-13,Europe,Netherlands,22,1.284,0.82,1,1G,2,2G,2,2G,4,4G,1,1G,1,1G,1,1G,3,3,2,2A,1,1,2,2G,2,2,1,1,2,2G,3,3G,2,2G
NLD,2021-05-14,Europe,Netherlands,20.429,1.192,0.79,1,1G,2,2G,2,2G,4,4G,1,1G,1,1G,1,1G,3,3,2,2A,1,1,2,2G,2,2,1,1,2,2G,3,3G,2,2G
NLD,2021-05-15,Europe,Netherlands,17.857,1.042,0.78,1,1G,2,2G,2,2G,4,4G,1,1G,1,1G,1,1G,3,3,2,2A,1,1,2,2G,2,2,1,1,2,2G,3,3G,2,2G
NLD,2021-05-16,Europe,Netherlands,19.286,1.126,0.77,1,1G,2,2G,2,2G,4,4G,1,1G,1,1G,1,1G,3,3,2,2A,1,1,2,2G,2,2,1,1,2,2G,3,3G,2,2G
NLD,2021-05-17,Europe,Netherlands,17.571,1.025,0.77,1,1G,2,2G,2,2G,4,4G,1,1G,1,1G,1,1G,3,3,2,2A,1,1,2,2G,2,2,1,1,2,2G,3,3G,2,2G
NLD,2021-05-18,Europe,Netherlands,13.429,0.784,0.78,1,1G,2,2G,2,2G,4,4G,1,1G,1,1G,1,1G,3,3,2,2A,1,1,2,2G,2,2,1,1,2,2G,3,3G,2,2G
NLD,2021-05-19,Europe,Netherlands,13.429,0.784,0.77,1,1G,2,2G,2,2G,4,4G,0,0,1,1G,1,1G,3,3,2,2A,1,1,2,2G,2,2,1,1,2,2G,3,3G,2,2G
NLD,2021-05-20,Europe,Netherlands,14.143,0.825,0.75,1,1G,2,2G,2,2G,4,4G,0,0,1,1G,1,1G,3,3,2,2A,1,1,2,2G,2,2,1,1,2,2G,3,3G,2,2G
NLD,2021-05-21,Europe,Netherlands,14.286,0.834,0.74,1,1G,2,2G,2,2G,4,4G,0,0,1,1G,1,1G,3,3,2,2A,1,1,2,2G,2,2,1,1,2,2G,3,3G,2,2G
NLD,2021-05-22,Europe,Netherlands,15.286,0.892,0.73,1,1G,2,2G,2,2G,4,4G,0,0,1,1G,1,1G,3,3,2,2A,1,1,2,2G,2,2,1,1,2,2G,3,3G,2,2G
NLD,2021-05-23,Europe,Netherlands,14.286,0.834,0.73,1,1G,2,2G,2,2G,4,4G,0,0,1,1G,1,1G,3,3,2,2A,1,1,2,2G,2,2,1,1,2,2G,3,3G,2,2G
NLD,2021-05-24,Europe,Netherlands,14.571,0.85,0.72,1,1G,2,2G,2,2G,4,4G,0,0,1,1G,1,1G,3,3,2,2A,1,1,2,2G,2,2,1,1,2,2G,3,3G,2,2G
NLD,2021-05-25,Europe,Netherlands,14,0.817,0.72,1,1G,2,2G,2,2G,4,4G,0,0,1,1G,1,1G,3,3,2,2A,1,1,2,2G,2,2,1,1,2,2G,3,3G,2,2G
NLD,2021-05-26,Europe,Netherlands,13.143,0.767,0.73,1,1G,2,2G,2,2G,4,4G,0,0,1,1G,1,1G,3,3,2,2A,1,1,2,2G,2,2,1,1,2,2G,3,3G,2,2G
NLD,2021-05-27,Europe,Netherlands,12.571,0.734,0.75,1,1G,2,2G,2,2G,4,4G,0,0,1,1G,1,1G,3,3,2,2A,1,1,2,2G,2,2,1,1,2,2G,3,3G,2,2G
NLD,2021-05-28,Europe,Netherlands,13,0.759,0.77,1,1G,2,2G,2,2G,4,4G,0,0,1,1G,1,1G,3,3,2,2A,1,1,2,2G,2,2,1,1,2,2G,3,3G,2,2G
NLD,2021-05-29,Europe,Netherlands,11.286,0.659,0.77,1,1G,2,2G,2,2G,4,4G,0,0,1,1G,1,1G,3,3,2,2A,1,1,2,2G,2,2,1,1,2,2G,3,3G,2,2G
NLD,2021-05-30,Europe,Netherlands,11.143,0.65,0.76,1,1G,2,2G,2,2G,4,4G,0,0,1,1G,1,1G,3,3,2,2A,1,1,2,2G,2,2,1,1,2,2G,3,3G,2,2G
NLD,2021-05-31,Europe,Netherlands,10,0.584,0.75,1,1G,2,2G,2,2G,4,4G,0,0,1,1G,1,1G,3,3,2,2A,1,1,2,2G,2,2,1,1,2,2G,3,3G,2,2G
NLD,2021-06-01,Europe,Netherlands,9.429,0.55,0.74,1,1G,2,2G,2,2G,4,4G,0,0,1,1G,1,1G,3,3,2,2A,1,1,2,2G,2,2,1,1,2,2G,3,3G,2,2G
NLD,2021-06-02,Europe,Netherlands,9.714,0.567,0.73,1,1G,2,2G,2,2G,4,4G,0,0,1,1G,1,1G,3,3,2,2A,1,1,2,2G,2,2,1,1,2,2G,3,3G,2,2G
NLD,2021-06-03,Europe,Netherlands,9.429,0.55,0.72,1,1G,2,2G,2,2G,4,4G,0,0,1,1G,1,1G,3,3,2,2A,1,1,2,2G,2,2,1,1,2,2G,3,3G,2,2G
NLD,2021-06-04,Europe,Netherlands,8.429,0.492,0.7,1,1G,2,2G,2,2G,4,4G,0,0,1,1G,1,1G,3,3,2,2A,1,1,2,2G,2,2,1,1,2,2G,3,3G,2,2G
NLD,2021-06-05,Europe,Netherlands,8.714,0.509,0.69,1,1G,2,2G,2,2G,4,4G,1,1G,1,1G,1,1G,3,3,2,2A,1,1,2,2G,2,2,1,1,2,2G,4,4G,2,2G
NLD,2021-06-06,Europe,Netherlands,8.429,0.492,0.67,1,1G,2,2G,2,2G,4,4G,1,1G,1,1G,1,1G,3,3,2,2A,1,1,2,2G,2,2,1,1,2,2G,4,4G,2,2G
NLD,2021-06-07,Europe,Netherlands,8.571,0.5,0.66,1,1G,2,2G,2,2G,4,4G,1,1G,1,1G,1,1G,3,3,2,2A,1,1,2,2G,2,2,1,1,2,2G,4,4G,2,2G
NLD,2021-06-08,Europe,Netherlands,9.429,0.55,0.65,1,1G,2,2G,2,2G,4,4G,1,1G,1,1G,1,1G,3,3,2,2A,1,1,2,2G,2,2,1,1,2,2G,4,4G,2,2G
NLD,2021-06-09,Europe,Netherlands,8.429,0.492,0.64,1,1G,2,2G,2,2G,4,4G,1,1G,1,1G,1,1G,3,3,2,2A,1,1,2,2G,2,2,1,1,2,2G,4,4G,2,2G
NLD,2021-06-10,Europe,Netherlands,7.286,0.425,0.63,1,1G,2,2G,2,2G,4,4G,1,1G,1,1G,1,1G,3,3,2,2A,1,1,2,2G,2,2,1,1,2,2G,4,4G,2,2G
NLD,2021-06-11,Europe,Netherlands,6.571,0.384,0.62,1,1G,2,2G,2,2G,4,4G,1,1G,1,1G,1,1G,3,3,2,2A,1,1,2,2G,2,2,1,1,2,2G,4,4G,2,2G
NLD,2021-06-12,Europe,Netherlands,5.286,0.308,0.62,,,,,,,,,,,,,,,,,,,,,,,,,,,,,,,,
NLD,2021-06-13,Europe,Netherlands,5,0.292,0.62,,,,,,,,,,,,,,,,,,,,,,,,,,,,,,,,
NLD,2021-06-14,Europe,Netherlands,5.143,0.3,0.63,,,,,,,,,,,,,,,,,,,,,,,,,,,,,,,,
NLD,2021-06-15,Europe,Netherlands,3.143,0.183,0.63,,,,,,,,,,,,,,,,,,,,,,,,,,,,,,,,
NLD,2021-06-16,Europe,Netherlands,3,0.175,,,,,,,,,,,,,,,,,,,,,,,,,,,,,,,,,
NLD,2021-06-17,Europe,Netherlands,2.571,0.15,,,,,,,,,,,,,,,,,,,,,,,,,,,,,,,,,
NOR,2020-02-23,Europe,Norway,,,,0,0,0,0,0,0,0,0,0,0,0,0,0,0,0,0,0,0,0,0,2,2G,0,0,0,0,0,0,0,0,0,0
