iso_code,date,continent,location,reproduction_rate,C1_combined_numeric,C1_combined,C2_combined_numeric,C2_combined,C3_combined_numeric,C3_combined,C4_combined_numeric,C4_combined,C5_combined_numeric,C5_combined,C6_combined_numeric,C6_combined,C7_combined_numeric,C7_combined,C8_combined_numeric,C8_combined,E1_combined_numeric,E1_combined,E2_combined_numeric,E2_combined,H1_combined_numeric,H1_combined,H2_combined_numeric,H2_combined,H3_combined_numeric,H3_combined,H6_combined_numeric,H6_combined,H7_combined_numeric,H7_combined,H8_combined_numeric,H8_combined
NLD,2020-02-27,Europe,Netherlands,,0,0,0,0,0,0,0,0,0,0,0,0,0,0,0,0,0,0,0,0,1,1G,1,1,2,2,0,0,0,0,0,0
NLD,2020-02-28,Europe,Netherlands,,0,0,0,0,0,0,0,0,0,0,0,0,0,0,0,0,0,0,0,0,1,1G,1,1,2,2,0,0,0,0,0,0
NLD,2020-02-29,Europe,Netherlands,,0,0,0,0,0,0,0,0,0,0,0,0,0,0,0,0,0,0,0,0,1,1G,1,1,2,2,0,0,0,0,0,0
NLD,2020-03-01,Europe,Netherlands,,0,0,0,0,0,0,0,0,0,0,0,0,0,0,0,0,0,0,0,0,1,1G,1,1,2,2,0,0,0,0,0,0
NLD,2020-03-02,Europe,Netherlands,,0,0,0,0,0,0,0,0,0,0,0,0,0,0,0,0,0,0,0,0,1,1G,1,1,2,2,0,0,0,0,0,0
NLD,2020-03-03,Europe,Netherlands,,0,0,0,0,0,0,0,0,0,0,0,0,0,0,0,0,0,0,0,0,1,1G,1,1,2,2,0,0,0,0,0,0
NLD,2020-03-04,Europe,Netherlands,,0,0,0,0,0,0,0,0,0,0,0,0,0,0,0,0,0,0,0,0,1,1G,1,1,2,2,0,0,0,0,0,0
NLD,2020-03-05,Europe,Netherlands,,0,0,0,0,0,0,0,0,0,0,0,0,0,0,0,0,0,0,0,0,1,1G,1,1,2,2,0,0,0,0,0,0
NLD,2020-03-06,Europe,Netherlands,,0,0,0,0,0,0,0,0,0,0,0,0,0,0,0,0,0,0,0,0,2,2G,1,1,2,2,0,0,0,0,0,0
NLD,2020-03-07,Europe,Netherlands,2.87,0,0,0,0,0,0,0,0,0,0,0,0,0,0,0,0,0,0,0,0,2,2G,1,1,2,2,0,0,0,0,0,0
NLD,2020-03-08,Europe,Netherlands,2.81,0,0,0,0,0,0,0,0,0,0,0,0,0,0,0,0,0,0,0,0,2,2G,1,1,2,2,0,0,0,0,0,0
NLD,2020-03-09,Europe,Netherlands,2.7,0,0,0,0,0,0,0,0,0,0,0,0,0,0,0,0,0,0,0,0,2,2G,1,1,2,2,0,0,0,0,1,1G
NLD,2020-03-10,Europe,Netherlands,2.64,0,0,0,0,1.5,2T,0.5,1T,0,0,0,0,0,0,0,0,0,0,0,0,2,2G,1,1,2,2,0,0,0,0,1,1G
NLD,2020-03-11,Europe,Netherlands,2.64,0,0,0,0,1.5,2T,0.5,1T,0,0,0,0,0,0,0,0,0,0,0,0,2,2G,1,1,2,2,0,0,0,0,1,1G
NLD,2020-03-12,Europe,Netherlands,2.63,1,1G,2,2G,2,2G,3,3G,0,0,1,1G,0,0,0,0,0,0,0,0,2,2G,1,1,1,1,0,0,0,0,1,1G
NLD,2020-03-13,Europe,Netherlands,2.71,1,1G,2,2G,2,2G,3,3G,0,0,1,1G,0,0,3,3,0,0,0,0,2,2G,1,1,1,1,0,0,0,0,1,1G
NLD,2020-03-14,Europe,Netherlands,2.61,1,1G,2,2G,2,2G,3,3G,0,0,1,1G,0,0,3,3,0,0,0,0,2,2G,1,1,1,1,0,0,0,0,1,1G
NLD,2020-03-15,Europe,Netherlands,2.55,1,1G,2,2G,2,2G,3,3G,0,0,1,1G,0,0,3,3,0,0,0,0,2,2G,1,1,1,1,0,0,0,0,1,1G
NLD,2020-03-16,Europe,Netherlands,2.54,3,3G,2,2G,2,2G,3,3G,0,0,1,1G,0,0,3,3,0,0,0,0,2,2G,1,1,1,1,0,0,0,0,1,1G
NLD,2020-03-17,Europe,Netherlands,2.47,3,3G,2,2G,2,2G,3,3G,0,0,1,1G,0,0,3,3,1.5,2F,0,0,2,2G,1,1,1,1,0,0,0,0,1,1G
NLD,2020-03-18,Europe,Netherlands,2.39,3,3G,2,2G,2,2G,3,3G,0,0,1,1G,0,0,3,3,1.5,2F,0,0,2,2G,1,1,1,1,0,0,0,0,1,1G
NLD,2020-03-19,Europe,Netherlands,2.31,3,3G,2,2G,2,2G,3,3G,0,0,1,1G,0,0,3,3,1.5,2F,0,0,2,2G,1,1,1,1,0,0,0,0,1,1G
NLD,2020-03-20,Europe,Netherlands,2.18,3,3G,2,2G,2,2G,3,3G,0,0,1,1G,0,0,3,3,1.5,2F,0,0,2,2G,1,1,1,1,0,0,0,0,3,3G
NLD,2020-03-21,Europe,Netherlands,2.14,3,3G,2,2G,2,2G,3,3G,0,0,1,1G,0,0,3,3,1.5,2F,0,0,2,2G,1,1,1,1,0,0,0,0,3,3G
NLD,2020-03-22,Europe,Netherlands,2.09,3,3G,2,2G,2,2G,3,3G,0,0,1,1G,0,0,3,3,1.5,2F,0,0,2,2G,1,1,1,1,0,0,0,0,3,3G
NLD,2020-03-23,Europe,Netherlands,2.04,3,3G,2,2G,2,2G,4,4G,1,1G,2,2G,1,1G,3,3,1.5,2F,0,0,2,2G,1,1,1,1,0,0,0,0,3,3G
NLD,2020-03-24,Europe,Netherlands,2.01,3,3G,2,2G,2,2G,4,4G,1,1G,2,2G,1,1G,3,3,1.5,2F,0,0,2,2G,1,1,1,1,0,0,0,0,3,3G
NLD,2020-03-25,Europe,Netherlands,1.94,3,3G,2,2G,2,2G,4,4G,1,1G,2,2G,1,1G,3,3,1.5,2F,0,0,2,2G,1,1,1,1,0,0,0,0,3,3G
NLD,2020-03-26,Europe,Netherlands,1.85,3,3G,2,2G,2,2G,4,4G,1,1G,2,2G,1,1G,3,3,1.5,2F,2,2,2,2G,1,1,1,1,0,0,0,0,3,3G
NLD,2020-03-27,Europe,Netherlands,1.73,3,3G,2,2G,2,2G,4,4G,1,1G,2,2G,1,1G,3,3,1.5,2F,2,2,2,2G,1,1,1,1,0,0,0,0,3,3G
NLD,2020-03-28,Europe,Netherlands,1.64,3,3G,2,2G,2,2G,4,4G,1,1G,2,2G,1,1G,3,3,1.5,2F,2,2,2,2G,1,1,1,1,0,0,0,0,3,3G
NLD,2020-03-29,Europe,Netherlands,1.55,3,3G,2,2G,2,2G,4,4G,1,1G,2,2G,1,1G,3,3,1.5,2F,2,2,2,2G,1,1,1,1,0,0,0,0,3,3G
NLD,2020-03-30,Europe,Netherlands,1.47,3,3G,2,2G,2,2G,4,4G,1,1G,2,2G,1,1G,3,3,1.5,2F,2,2,2,2G,1,1,1,1,0,0,0,0,3,3G
NLD,2020-03-31,Europe,Netherlands,1.39,3,3G,2,2G,2,2G,4,4G,1,1G,2,2G,1,1G,3,3,1.5,2F,2,2,2,2G,1,1,1,1,0,0,0,0,3,3G
NLD,2020-04-01,Europe,Netherlands,1.32,3,3G,2,2G,2,2G,4,4G,1,1G,2,2G,1,1G,3,3,1.5,2F,2,2,2,2G,1,1,1,1,0,0,0,0,3,3G
NLD,2020-04-02,Europe,Netherlands,1.25,3,3G,2,2G,2,2G,4,4G,1,1G,2,2G,1,1G,3,3,1.5,2F,2,2,2,2G,1,1,1,1,0,0,0,0,3,3G
NLD,2020-04-03,Europe,Netherlands,1.19,3,3G,2,2G,2,2G,4,4G,1,1G,2,2G,1,1G,3,3,1.5,2F,2,2,2,2G,1,1,1,1,0,0,0,0,3,3G
NLD,2020-04-04,Europe,Netherlands,1.16,3,3G,2,2G,2,2G,4,4G,1,1G,2,2G,1,1G,3,3,1.5,2F,2,2,2,2G,1,1,1,1,0,0,0,0,3,3G
NLD,2020-04-05,Europe,Netherlands,1.17,3,3G,2,2G,2,2G,4,4G,1,1G,2,2G,1,1G,3,3,1.5,2F,2,2,2,2G,1,1,1,1,0,0,0,0,3,3G
NLD,2020-04-06,Europe,Netherlands,1.17,3,3G,2,2G,2,2G,4,4G,1,1G,2,2G,1,1G,3,3,1.5,2F,2,2,2,2G,1,1,1,1,0,0,0,0,3,3G
NLD,2020-04-07,Europe,Netherlands,1.15,3,3G,2,2G,2,2G,4,4G,1,1G,2,2G,1,1G,3,3,1.5,2F,2,2,2,2G,1,1,1,1,0,0,0,0,3,3G
NLD,2020-04-08,Europe,Netherlands,1.14,3,3G,2,2G,2,2G,4,4G,1,1G,2,2G,1,1G,3,3,1.5,2F,2,2,2,2G,1,1,1,1,0,0,0,0,3,3G
NLD,2020-04-09,Europe,Netherlands,1.13,3,3G,2,2G,2,2G,4,4G,1,1G,2,2G,1,1G,3,3,1.5,2F,2,2,2,2G,1,1,1,1,0,0,0,0,3,3G
NLD,2020-04-10,Europe,Netherlands,1.11,3,3G,2,2G,2,2G,4,4G,1,1G,2,2G,1,1G,3,3,1.5,2F,2,2,2,2G,1,1,1,1,0,0,0,0,3,3G
NLD,2020-04-11,Europe,Netherlands,1.1,3,3G,2,2G,2,2G,4,4G,1,1G,2,2G,1,1G,3,3,1.5,2F,2,2,2,2G,1,1,1,1,0,0,0,0,3,3G
NLD,2020-04-12,Europe,Netherlands,1.07,3,3G,2,2G,2,2G,4,4G,1,1G,2,2G,1,1G,3,3,1.5,2F,2,2,2,2G,1,1,1,1,0,0,0,0,3,3G
NLD,2020-04-13,Europe,Netherlands,1.04,3,3G,2,2G,2,2G,4,4G,1,1G,2,2G,1,1G,3,3,1.5,2F,2,2,2,2G,1,1,1,1,0,0,0,0,3,3G
NLD,2020-04-14,Europe,Netherlands,1.01,3,3G,2,2G,2,2G,4,4G,1,1G,2,2G,1,1G,3,3,1.5,2F,2,2,2,2G,1,1,1,1,0,0,0,0,3,3G
NLD,2020-04-15,Europe,Netherlands,0.98,3,3G,2,2G,2,2G,4,4G,1,1G,2,2G,1,1G,3,3,1.5,2F,2,2,2,2G,1,1,1,1,0,0,0,0,3,3G
NLD,2020-04-16,Europe,Netherlands,0.97,3,3G,2,2G,2,2G,4,4G,1,1G,2,2G,1,1G,3,3,1.5,2F,2,2,2,2G,1,1,1,1,0,0,0,0,3,3G
NLD,2020-04-17,Europe,Netherlands,0.96,3,3G,2,2G,2,2G,4,4G,1,1G,2,2G,1,1G,3,3,1.5,2F,2,2,2,2G,1,1,1,1,0,0,0,0,3,3G
NLD,2020-04-18,Europe,Netherlands,0.94,3,3G,2,2G,2,2G,4,4G,1,1G,2,2G,1,1G,3,3,1.5,2F,2,2,2,2G,1,1,1,1,0,0,0,0,3,3G
NLD,2020-04-19,Europe,Netherlands,0.92,3,3G,2,2G,2,2G,4,4G,1,1G,2,2G,1,1G,3,3,1.5,2F,2,2,2,2G,1,1,1,1,0,0,0,0,3,3G
NLD,2020-04-20,Europe,Netherlands,0.89,3,3G,2,2G,2,2G,4,4G,1,1G,2,2G,1,1G,3,3,1.5,2F,2,2,2,2G,1,1,1,1,0,0,0,0,3,3G
NLD,2020-04-21,Europe,Netherlands,0.86,3,3G,2,2G,2,2G,4,4G,1,1G,2,2G,1,1G,3,3,1.5,2F,2,2,2,2G,1,1,1,1,0,0,0,0,3,3G
NLD,2020-04-22,Europe,Netherlands,0.82,3,3G,2,2G,2,2G,4,4G,1,1G,2,2G,1,1G,3,3,1.5,2F,2,2,2,2G,1,1,1,1,0,0,0,0,3,3G
NLD,2020-04-23,Europe,Netherlands,0.78,3,3G,2,2G,2,2G,4,4G,1,1G,2,2G,1,1G,3,3,1.5,2F,2,2,2,2G,1,1,1,1,0,0,0,0,3,3G
NLD,2020-04-24,Europe,Netherlands,0.74,3,3G,2,2G,2,2G,4,4G,1,1G,2,2G,1,1G,3,3,1.5,2F,2,2,2,2G,1,1,1,1,0,0,0,0,3,3G
NLD,2020-04-25,Europe,Netherlands,0.71,3,3G,2,2G,2,2G,4,4G,1,1G,2,2G,1,1G,3,3,1.5,2F,2,2,2,2G,1,1,1,1,0,0,0,0,3,3G
NLD,2020-04-26,Europe,Netherlands,0.68,3,3G,2,2G,2,2G,4,4G,1,1G,2,2G,1,1G,3,3,1.5,2F,2,2,2,2G,1,1,1,1,0,0,0,0,3,3G
NLD,2020-04-27,Europe,Netherlands,0.66,3,3G,2,2G,2,2G,4,4G,1,1G,2,2G,1,1G,3,3,1.5,2F,2,2,2,2G,1,1,1,1,0,0,0,0,3,3G
NLD,2020-04-28,Europe,Netherlands,0.63,3,3G,2,2G,2,2G,4,4G,1,1G,2,2G,1,1G,3,3,1.5,2F,2,2,2,2G,1,1,1,1,0,0,0,0,3,3G
NLD,2020-04-29,Europe,Netherlands,0.63,3,3G,2,2G,2,2G,4,4G,1,1G,2,2G,1,1G,3,3,1.5,2F,2,2,2,2G,1,1,1,1,0,0,0,0,3,3G
NLD,2020-04-30,Europe,Netherlands,0.62,3,3G,2,2G,2,2G,4,4G,1,1G,2,2G,1,1G,3,3,1.5,2F,2,2,2,2G,1,1,1,1,0,0,0,0,3,3G
NLD,2020-05-01,Europe,Netherlands,0.62,3,3G,2,2G,2,2G,4,4G,1,1G,2,2G,1,1G,3,3,1.5,2F,2,2,2,2G,1,1,1,1,0,0,0,0,3,3G
NLD,2020-05-02,Europe,Netherlands,0.63,3,3G,2,2G,2,2G,4,4G,1,1G,2,2G,1,1G,3,3,1.5,2F,2,2,2,2G,1,1,1,1,0,0,0,0,3,3G
NLD,2020-05-03,Europe,Netherlands,0.63,3,3G,2,2G,2,2G,4,4G,1,1G,2,2G,1,1G,3,3,1.5,2F,2,2,2,2G,1,1,1,1,0,0,0,0,3,3G
NLD,2020-05-04,Europe,Netherlands,0.64,3,3G,2,2G,2,2G,4,4G,1,1G,2,2G,1,1G,3,3,1.5,2F,2,2,2,2G,1,1,1,1,0,0,0,0,3,3G
NLD,2020-05-05,Europe,Netherlands,0.65,3,3G,2,2G,2,2G,4,4G,1,1G,2,2G,1,1G,3,3,1.5,2F,2,2,2,2G,1,1,1,1,0,0,0,0,3,3G
NLD,2020-05-06,Europe,Netherlands,0.65,3,3G,2,2G,2,2G,4,4G,1,1G,2,2G,1,1G,3,3,1.5,2F,2,2,2,2G,1,1,1,1,0,0,0,0,3,3G
NLD,2020-05-07,Europe,Netherlands,0.66,3,3G,2,2G,2,2G,4,4G,1,1G,2,2G,1,1G,3,3,1.5,2F,2,2,2,2G,1,1,1,1,0,0,0,0,3,3G
NLD,2020-05-08,Europe,Netherlands,0.65,3,3G,2,2G,2,2G,4,4G,1,1G,2,2G,1,1G,3,3,1.5,2F,2,2,2,2G,1,1,1,1,0,0,0,0,3,3G
NLD,2020-05-09,Europe,Netherlands,0.65,3,3G,2,2G,2,2G,4,4G,1,1G,2,2G,1,1G,3,3,1.5,2F,2,2,2,2G,1,1,1,1,0,0,0,0,3,3G
NLD,2020-05-10,Europe,Netherlands,0.65,3,3G,2,2G,2,2G,4,4G,1,1G,2,2G,1,1G,3,3,1.5,2F,2,2,2,2G,1,1,1,1,0,0,0,0,3,3G
NLD,2020-05-11,Europe,Netherlands,0.65,2,2G,2,2G,2,2G,4,4G,1,1G,1,1G,1,1G,3,3,1.5,2F,2,2,2,2G,1,1,1,1,0,0,0,0,3,3G
NLD,2020-05-12,Europe,Netherlands,0.66,2,2G,2,2G,2,2G,4,4G,1,1G,1,1G,1,1G,3,3,1.5,2F,2,2,2,2G,1,1,1,1,0,0,0,0,3,3G
NLD,2020-05-13,Europe,Netherlands,0.65,2,2G,2,2G,2,2G,4,4G,1,1G,1,1G,1,1G,3,3,1.5,2F,2,2,2,2G,1,1,1,1,0,0,0,0,3,3G
NLD,2020-05-14,Europe,Netherlands,0.65,2,2G,2,2G,2,2G,4,4G,1,1G,1,1G,1,1G,3,3,1.5,2F,2,2,2,2G,1,1,1,1,0,0,0,0,3,3G
NLD,2020-05-15,Europe,Netherlands,0.65,2,2G,2,2G,2,2G,4,4G,1,1G,1,1G,1,1G,3,3,1.5,2F,2,2,2,2G,1,1,1,1,0,0,0,0,3,3G
NLD,2020-05-16,Europe,Netherlands,0.65,2,2G,2,2G,2,2G,4,4G,1,1G,1,1G,1,1G,3,3,1.5,2F,2,2,2,2G,1,1,1,1,0,0,0,0,3,3G
NLD,2020-05-17,Europe,Netherlands,0.66,2,2G,2,2G,2,2G,4,4G,1,1G,1,1G,1,1G,3,3,1.5,2F,2,2,2,2G,1,1,1,1,0,0,0,0,3,3G
NLD,2020-05-18,Europe,Netherlands,0.69,2,2G,2,2G,2,2G,4,4G,1,1G,1,1G,1,1G,3,3,1.5,2F,2,2,2,2G,1,1,1,1,0,0,0,0,3,3G
NLD,2020-05-19,Europe,Netherlands,0.73,2,2G,2,2G,2,2G,4,4G,1,1G,1,1G,1,1G,3,3,1.5,2F,2,2,2,2G,1,1,1,1,0,0,0,0,3,3G
NLD,2020-05-20,Europe,Netherlands,0.77,2,2G,2,2G,2,2G,4,4G,1,1G,1,1G,1,1G,3,3,1.5,2F,2,2,2,2G,1,1,1,1,0,0,0,0,3,3G
NLD,2020-05-21,Europe,Netherlands,0.8,2,2G,2,2G,2,2G,4,4G,1,1G,1,1G,1,1G,3,3,1.5,2F,2,2,2,2G,1,1,1,1,0,0,0,0,3,3G
NLD,2020-05-22,Europe,Netherlands,0.81,2,2G,2,2G,2,2G,4,4G,1,1G,1,1G,1,1G,3,3,1.5,2F,2,2,2,2G,1,1,1,1,0,0,0,0,3,3G
NLD,2020-05-23,Europe,Netherlands,0.83,2,2G,2,2G,2,2G,4,4G,1,1G,1,1G,1,1G,3,3,1.5,2F,2,2,2,2G,1,1,1,1,0,0,0,0,3,3G
NLD,2020-05-24,Europe,Netherlands,0.85,2,2G,2,2G,2,2G,4,4G,1,1G,1,1G,1,1G,3,3,1.5,2F,2,2,2,2G,1,1,1,1,0,0,0,0,3,3G
NLD,2020-05-25,Europe,Netherlands,0.87,2,2G,2,2G,2,2G,4,4G,1,1G,1,1G,1,1G,3,3,1.5,2F,2,2,2,2G,1,1,1,1,0,0,0,0,2,2G
NLD,2020-05-26,Europe,Netherlands,0.87,2,2G,2,2G,2,2G,4,4G,1,1G,1,1G,1,1G,3,3,1.5,2F,2,2,2,2G,1,1,1,1,0,0,0,0,2,2G
NLD,2020-05-27,Europe,Netherlands,0.86,2,2G,2,2G,2,2G,4,4G,1,1G,1,1G,1,1G,3,3,1.5,2F,2,2,2,2G,1,1,1,1,0,0,0,0,2,2G
NLD,2020-05-28,Europe,Netherlands,0.84,2,2G,2,2G,2,2G,4,4G,1,1G,1,1G,1,1G,3,3,1.5,2F,2,2,2,2G,1,1,1,1,0,0,0,0,2,2G
NLD,2020-05-29,Europe,Netherlands,0.84,2,2G,2,2G,2,2G,4,4G,1,1G,1,1G,1,1G,3,3,1.5,2F,2,2,2,2G,1,1,1,1,0,0,0,0,2,2G
NLD,2020-05-30,Europe,Netherlands,0.84,2,2G,2,2G,2,2G,4,4G,1,1G,1,1G,1,1G,3,3,1.5,2F,2,2,2,2G,1,1,1,1,0,0,0,0,2,2G
NLD,2020-05-31,Europe,Netherlands,0.85,2,2G,2,2G,2,2G,4,4G,1,1G,1,1G,1,1G,3,3,1.5,2F,2,2,2,2G,1,1,1,1,0,0,0,0,2,2G
NLD,2020-06-01,Europe,Netherlands,0.85,2,2G,2,2G,2,2G,3,3G,0,0,1,1G,1,1G,3,3,1.5,2F,2,2,2,2G,2,2,2,2,2,2G,0,0,2,2G
NLD,2020-06-02,Europe,Netherlands,0.88,2,2G,2,2G,2,2G,3,3G,0,0,1,1G,1,1G,3,3,1.5,2F,2,2,2,2G,2,2,2,2,2,2G,0,0,2,2G
NLD,2020-06-03,Europe,Netherlands,0.91,2,2G,2,2G,2,2G,3,3G,0,0,1,1G,1,1G,3,3,1.5,2F,2,2,2,2G,2,2,2,2,2,2G,0,0,2,2G
NLD,2020-06-04,Europe,Netherlands,0.98,2,2G,2,2G,2,2G,3,3G,0,0,1,1G,1,1G,3,3,1.5,2F,2,2,2,2G,2,2,2,2,2,2G,0,0,2,2G
NLD,2020-06-05,Europe,Netherlands,1.02,2,2G,2,2G,2,2G,3,3G,0,0,1,1G,1,1G,3,3,1.5,2F,2,2,2,2G,2,2,2,2,2,2G,0,0,2,2G
NLD,2020-06-06,Europe,Netherlands,1.05,2,2G,2,2G,2,2G,3,3G,0,0,1,1G,1,1G,3,3,1.5,2F,2,2,2,2G,2,2,2,2,2,2G,0,0,2,2G
NLD,2020-06-07,Europe,Netherlands,1.06,2,2G,2,2G,2,2G,3,3G,0,0,1,1G,1,1G,3,3,1.5,2F,2,2,2,2G,2,2,2,2,2,2G,0,0,2,2G
NLD,2020-06-08,Europe,Netherlands,1.05,2,2G,2,2G,2,2G,3,3G,0,0,1,1G,1,1G,3,3,1.5,2F,2,2,2,2G,2,2,2,2,2,2G,0,0,2,2G
NLD,2020-06-09,Europe,Netherlands,1.03,2,2G,2,2G,2,2G,3,3G,0,0,1,1G,1,1G,3,3,1.5,2F,2,2,2,2G,2,2,2,2,2,2G,0,0,2,2G
NLD,2020-06-10,Europe,Netherlands,1.01,2,2G,2,2G,2,2G,3,3G,0,0,1,1G,1,1G,3,3,1.5,2F,2,2,2,2G,2,2,2,2,2,2G,0,0,2,2G
NLD,2020-06-11,Europe,Netherlands,0.97,2,2G,2,2G,2,2G,3,3G,0,0,1,1G,1,1G,3,3,1.5,2F,2,2,2,2G,2,2,2,2,2,2G,0,0,2,2G
NLD,2020-06-12,Europe,Netherlands,0.96,2,2G,2,2G,2,2G,3,3G,0,0,1,1G,1,1G,3,3,1.5,2F,2,2,2,2G,2,2,2,2,2,2G,0,0,2,2G
NLD,2020-06-13,Europe,Netherlands,0.93,2,2G,2,2G,2,2G,3,3G,0,0,1,1G,1,1G,3,3,1.5,2F,2,2,2,2G,2,2,2,2,2,2G,0,0,2,2G
NLD,2020-06-14,Europe,Netherlands,0.89,2,2G,2,2G,2,2G,3,3G,0,0,1,1G,1,1G,3,3,1.5,2F,2,2,2,2G,2,2,2,2,2,2G,0,0,2,2G
NLD,2020-06-15,Europe,Netherlands,0.87,1,1G,2,2G,2,2G,3,3G,0,0,1,1G,1,1G,3,3,1.5,2F,2,2,2,2G,2,2,2,2,2,2G,0,0,1,1G
NLD,2020-06-16,Europe,Netherlands,0.83,1,1G,2,2G,2,2G,3,3G,0,0,1,1G,1,1G,3,3,1.5,2F,2,2,2,2G,2,2,2,2,2,2G,0,0,1,1G
NLD,2020-06-17,Europe,Netherlands,0.78,1,1G,2,2G,2,2G,3,3G,0,0,1,1G,1,1G,3,3,1.5,2F,2,2,2,2G,2,2,2,2,2,2G,0,0,1,1G
NLD,2020-06-18,Europe,Netherlands,0.73,1,1G,2,2G,2,2G,3,3G,0,0,1,1G,1,1G,3,3,1.5,2F,2,2,2,2G,2,2,2,2,2,2G,0,0,1,1G
NLD,2020-06-19,Europe,Netherlands,0.69,1,1G,2,2G,2,2G,3,3G,0,0,1,1G,1,1G,3,3,1.5,2F,2,2,2,2G,2,2,2,2,2,2G,0,0,1,1G
NLD,2020-06-20,Europe,Netherlands,0.68,1,1G,2,2G,2,2G,3,3G,0,0,1,1G,1,1G,3,3,1.5,2F,2,2,2,2G,2,2,2,2,2,2G,0,0,1,1G
NLD,2020-06-21,Europe,Netherlands,0.67,1,1G,2,2G,2,2G,3,3G,0,0,1,1G,1,1G,3,3,1.5,2F,2,2,2,2G,2,2,2,2,2,2G,0,0,1,1G
NLD,2020-06-22,Europe,Netherlands,0.68,1,1G,2,2G,2,2G,3,3G,0,0,1,1G,1,1G,3,3,1.5,2F,2,2,2,2G,2,2,2,2,2,2G,0,0,1,1G
NLD,2020-06-23,Europe,Netherlands,0.7,1,1G,2,2G,2,2G,3,3G,0,0,1,1G,1,1G,3,3,1.5,2F,2,2,2,2G,2,2,2,2,2,2G,0,0,1,1G
NLD,2020-06-24,Europe,Netherlands,0.72,1,1G,2,2G,2,2G,3,3G,0,0,1,1G,1,1G,3,3,1.5,2F,2,2,2,2G,2,2,2,2,2,2G,0,0,1,1G
NLD,2020-06-25,Europe,Netherlands,0.74,1,1G,2,2G,2,2G,3,3G,0,0,1,1G,1,1G,3,3,1.5,2F,2,2,2,2G,2,2,2,2,2,2G,0,0,1,1G
NLD,2020-06-26,Europe,Netherlands,0.74,1,1G,2,2G,2,2G,3,3G,0,0,1,1G,1,1G,3,3,1.5,2F,2,2,2,2G,2,2,2,2,2,2G,0,0,1,1G
NLD,2020-06-27,Europe,Netherlands,0.73,1,1G,2,2G,2,2G,3,3G,0,0,1,1G,1,1G,3,3,1.5,2F,2,2,2,2G,2,2,2,2,2,2G,0,0,1,1G
NLD,2020-06-28,Europe,Netherlands,0.74,1,1G,2,2G,2,2G,3,3G,0,0,1,1G,1,1G,3,3,1.5,2F,2,2,2,2G,2,2,2,2,2,2G,0,0,1,1G
NLD,2020-06-29,Europe,Netherlands,0.75,1,1G,2,2G,2,2G,3,3G,0,0,1,1G,1,1G,3,3,1.5,2F,2,2,2,2G,2,2,2,2,2,2G,0,0,1,1G
NLD,2020-06-30,Europe,Netherlands,0.76,1,1G,2,2G,2,2G,3,3G,0,0,1,1G,1,1G,3,3,1.5,2F,2,2,2,2G,2,2,2,2,2,2G,0,0,1,1G
NLD,2020-07-01,Europe,Netherlands,0.76,1,1G,2,2G,0,0,2,2G,0,0,1,1G,0,0,3,3,1.5,2F,2,2,2,2G,2,2,2,2,2,2G,0,0,1,1G
NLD,2020-07-02,Europe,Netherlands,0.78,1,1G,2,2G,0,0,2,2G,0,0,1,1G,0,0,3,3,1.5,2F,2,2,2,2G,2,2,2,2,2,2G,0,0,1,1G
NLD,2020-07-03,Europe,Netherlands,0.78,1,1G,2,2G,0,0,2,2G,0,0,1,1G,0,0,3,3,1.5,2F,2,2,2,2G,2,2,2,2,2,2G,0,0,1,1G
NLD,2020-07-04,Europe,Netherlands,0.78,1,1G,2,2G,0,0,2,2G,0,0,1,1G,0,0,3,3,1.5,2F,2,2,2,2G,2,2,2,2,2,2G,0,0,1,1G
NLD,2020-07-05,Europe,Netherlands,0.78,1,1G,2,2G,0,0,2,2G,0,0,1,1G,0,0,3,3,1.5,2F,2,2,2,2G,2,2,2,2,2,2G,0,0,1,1G
NLD,2020-07-06,Europe,Netherlands,0.78,1,1G,2,2G,0,0,2,2G,0,0,1,1G,0,0,3,3,1.5,2F,2,2,2,2G,2,2,2,2,2,2G,0,0,1,1G
NLD,2020-07-07,Europe,Netherlands,0.81,1,1G,2,2G,0,0,2,2G,0,0,1,1G,0,0,3,3,1.5,2F,2,2,2,2G,2,2,2,2,2,2G,0,0,1,1G
NLD,2020-07-08,Europe,Netherlands,0.84,1,1G,2,2G,0,0,2,2G,0,0,1,1G,0,0,3,3,1.5,2F,2,2,2,2G,2,2,2,2,2,2G,0,0,1,1G
NLD,2020-07-09,Europe,Netherlands,0.9,1,1G,2,2G,0,0,2,2G,0,0,1,1G,0,0,3,3,1.5,2F,2,2,2,2G,2,2,2,2,2,2G,0,0,1,1G
NLD,2020-07-10,Europe,Netherlands,0.97,1,1G,2,2G,0,0,2,2G,0,0,1,1G,0,0,3,3,1.5,2F,2,2,2,2G,2,2,2,2,2,2G,0,0,1,1G
NLD,2020-07-11,Europe,Netherlands,1.07,1,1G,2,2G,0,0,2,2G,0,0,1,1G,0,0,3,3,1.5,2F,2,2,2,2G,2,2,2,2,2,2G,0,0,1,1G
NLD,2020-07-12,Europe,Netherlands,1.14,1,1G,2,2G,0,0,2,2G,0,0,1,1G,0,0,3,3,1.5,2F,2,2,2,2G,2,2,2,2,2,2G,0,0,1,1G
NLD,2020-07-13,Europe,Netherlands,1.19,1,1G,2,2G,0,0,2,2G,0,0,1,1G,0,0,3,3,1.5,2F,2,2,2,2G,2,2,2,2,2,2G,0,0,1,1G
NLD,2020-07-14,Europe,Netherlands,1.24,1,1G,2,2G,0,0,2,2G,0,0,1,1G,0,0,3,3,1.5,2F,2,2,2,2G,2,2,2,2,2,2G,0,0,1,1G
NLD,2020-07-15,Europe,Netherlands,1.31,1,1G,2,2G,0,0,2,2G,0,0,1,1G,0,0,3,3,1.5,2F,2,2,2,2G,2,2,2,2,2,2G,0,0,1,1G
NLD,2020-07-16,Europe,Netherlands,1.36,1,1G,2,2G,0,0,2,2G,0,0,1,1G,0,0,3,3,1.5,2F,2,2,2,2G,2,2,2,2,2,2G,0,0,1,1G
NLD,2020-07-17,Europe,Netherlands,1.42,1,1G,2,2G,0,0,2,2G,0,0,1,1G,0,0,3,3,1.5,2F,2,2,2,2G,2,2,2,2,2,2G,0,0,1,1G
NLD,2020-07-18,Europe,Netherlands,1.46,1,1G,2,2G,0,0,2,2G,0,0,1,1G,0,0,3,3,1.5,2F,2,2,2,2G,2,2,2,2,2,2G,0,0,1,1G
NLD,2020-07-19,Europe,Netherlands,1.5,1,1G,2,2G,0,0,2,2G,0,0,1,1G,0,0,3,3,1.5,2F,2,2,2,2G,2,2,2,2,2,2G,0,0,1,1G
NLD,2020-07-20,Europe,Netherlands,1.54,1,1G,2,2G,0,0,2,2G,0,0,1,1G,0,0,3,3,1.5,2F,2,2,2,2G,2,2,2,2,2,2G,0,0,1,1G
NLD,2020-07-21,Europe,Netherlands,1.52,1,1G,2,2G,0,0,2,2G,0,0,1,1G,0,0,3,3,1.5,2F,2,2,2,2G,2,2,2,2,2,2G,0,0,1,1G
NLD,2020-07-22,Europe,Netherlands,1.49,1,1G,2,2G,0,0,2,2G,0,0,1,1G,0,0,3,3,1.5,2F,2,2,2,2G,2,2,2,2,2,2G,0,0,1,1G
NLD,2020-07-23,Europe,Netherlands,1.46,1,1G,2,2G,0,0,2,2G,0,0,1,1G,0,0,3,3,1.5,2F,2,2,2,2G,2,2,2,2,2,2G,0,0,1,1G
NLD,2020-07-24,Europe,Netherlands,1.45,1,1G,2,2G,0,0,2,2G,0,0,1,1G,0,0,3,3,1.5,2F,2,2,2,2G,2,2,2,2,2,2G,0,0,1,1G
NLD,2020-07-25,Europe,Netherlands,1.45,1,1G,2,2G,0,0,2,2G,0,0,1,1G,0,0,3,3,1.5,2F,2,2,2,2G,2,2,2,2,2,2G,0,0,1,1G
NLD,2020-07-26,Europe,Netherlands,1.48,1,1G,2,2G,0,0,2,2G,0,0,1,1G,0,0,3,3,1.5,2F,2,2,2,2G,2,2,2,2,2,2G,0,0,1,1G
NLD,2020-07-27,Europe,Netherlands,1.48,1,1G,2,2G,0,0,2,2G,0,0,1,1G,0,0,3,3,1.5,2F,2,2,2,2G,2,2,2,2,2,2G,0,0,1,1G
NLD,2020-07-28,Europe,Netherlands,1.51,1,1G,2,2G,0,0,2,2G,0,0,1,1G,0,0,3,3,1.5,2F,2,2,2,2G,2,2,2,2,2,2G,0,0,1,1G
NLD,2020-07-29,Europe,Netherlands,1.54,1,1G,2,2G,0,0,2,2G,0,0,1,1G,0,0,3,3,1.5,2F,2,2,2,2G,2,2,2,2,2,2G,0,0,1,1G
NLD,2020-07-30,Europe,Netherlands,1.59,1,1G,2,2G,0,0,2,2G,0,0,1,1G,0,0,3,3,1.5,2F,2,2,2,2G,2,2,2,2,2,2G,0,0,1,1G
NLD,2020-07-31,Europe,Netherlands,1.61,1,1G,2,2G,0,0,2,2G,0,0,1,1G,0,0,3,3,1.5,2F,2,2,2,2G,2,2,2,2,2,2G,0,0,1,1G
NLD,2020-08-01,Europe,Netherlands,1.63,1,1G,2,2G,0,0,2,2G,0,0,1,1G,0,0,3,3,1.5,2F,2,2,2,2G,2,2,2,2,2,2G,0,0,1,1G
NLD,2020-08-02,Europe,Netherlands,1.61,1,1G,2,2G,0,0,2,2G,0,0,1,1G,0,0,3,3,1.5,2F,2,2,2,2G,2,2,2,2,2,2G,0,0,1,1G
NLD,2020-08-03,Europe,Netherlands,1.61,1,1G,2,2G,0,0,2,2G,0,0,1,1G,0,0,3,3,1.5,2F,2,2,2,2G,2,2,2,2,2,2G,0,0,1,1G
NLD,2020-08-04,Europe,Netherlands,1.62,1,1G,2,2G,0,0,2,2G,0,0,1,1G,0,0,3,3,1.5,2F,2,2,2,2G,2,2,2,2,2,2G,0,0,1,1G
NLD,2020-08-05,Europe,Netherlands,1.59,1,1G,2,2G,0,0,2,2G,0,0,1,1G,0,0,3,3,1.5,2F,2,2,2,2G,2,2,2,2,1.5,2T,0,0,1,1G
NLD,2020-08-06,Europe,Netherlands,1.59,1,1G,2,2G,0,0,2,2G,0,0,1,1G,0,0,3,3,1.5,2F,2,2,2,2G,2,2,2,2,1.5,2T,0,0,1,1G
NLD,2020-08-07,Europe,Netherlands,1.56,1,1G,2,2G,0,0,2,2G,0,0,1,1G,0,0,3,3,1.5,2F,2,2,2,2G,2,2,2,2,1.5,2T,0,0,1,1G
NLD,2020-08-08,Europe,Netherlands,1.51,1,1G,2,2G,0,0,2,2G,0,0,1,1G,0,0,3,3,1.5,2F,2,2,2,2G,2,2,2,2,1.5,2T,0,0,1,1G
NLD,2020-08-09,Europe,Netherlands,1.48,1,1G,2,2G,0,0,2,2G,0,0,1,1G,0,0,3,3,1.5,2F,2,2,2,2G,2,2,2,2,1.5,2T,0,0,1,1G
NLD,2020-08-10,Europe,Netherlands,1.45,1,1G,2,2G,0,0,2,2G,0,0,1,1G,0,0,3,3,1.5,2F,2,2,2,2G,2,2,2,2,1.5,2T,0,0,1,1G
NLD,2020-08-11,Europe,Netherlands,1.41,1,1G,2,2G,0,0,2,2G,0,0,1,1G,0,0,3,3,1.5,2F,2,2,2,2G,2,2,2,2,1.5,2T,0,0,1,1G
NLD,2020-08-12,Europe,Netherlands,1.41,1,1G,2,2G,0,0,2,2G,0,0,1,1G,0,0,3,3,1.5,2F,2,2,2,2G,2,2,2,2,1.5,2T,0,0,1,1G
NLD,2020-08-13,Europe,Netherlands,1.32,1,1G,2,2G,0,0,2,2G,0,0,1,1G,0,0,3,3,1.5,2F,2,2,2,2G,2,2,2,2,1.5,2T,0,0,1,1G
NLD,2020-08-14,Europe,Netherlands,1.24,1,1G,2,2G,0,0,2,2G,0,0,1,1G,0,0,3,3,1.5,2F,2,2,2,2G,2,2,2,2,1.5,2T,0,0,1,1G
NLD,2020-08-15,Europe,Netherlands,1.18,1,1G,2,2G,0,0,2,2G,0,0,1,1G,0,0,3,3,1.5,2F,2,2,2,2G,2,2,2,2,1.5,2T,0,0,1,1G
NLD,2020-08-16,Europe,Netherlands,1.11,1,1G,2,2G,0,0,2,2G,0,0,1,1G,0,0,3,3,1.5,2F,2,2,2,2G,2,2,2,2,1.5,2T,0,0,1,1G
NLD,2020-08-17,Europe,Netherlands,1.07,1,1G,2,2G,0,0,2,2G,0,0,1,1G,0,0,3,3,1.5,2F,2,2,2,2G,2,2,2,2,1.5,2T,0,0,1,1G
NLD,2020-08-18,Europe,Netherlands,1.04,1,1G,2,2G,1,1G,4,4G,0,0,1,1G,0,0,3,3,1.5,2F,2,2,2,2G,2,2,2,2,1.5,2T,0,0,1,1G
NLD,2020-08-19,Europe,Netherlands,1,1,1G,2,2G,1,1G,4,4G,0,0,1,1G,0,0,3,3,1.5,2F,2,2,2,2G,2,2,2,2,1.5,2T,0,0,1,1G
NLD,2020-08-20,Europe,Netherlands,0.99,1,1G,2,2G,1,1G,4,4G,0,0,1,1G,0,0,3,3,1.5,2F,2,2,2,2G,2,2,2,2,1.5,2T,0,0,1,1G
NLD,2020-08-21,Europe,Netherlands,0.99,1,1G,2,2G,1,1G,4,4G,0,0,1,1G,0,0,3,3,1.5,2F,2,2,2,2G,2,2,2,2,1.5,2T,0,0,1,1G
NLD,2020-08-22,Europe,Netherlands,0.99,1,1G,2,2G,1,1G,4,4G,0,0,1,1G,0,0,3,3,1.5,2F,2,2,2,2G,2,2,2,2,1.5,2T,0,0,1,1G
NLD,2020-08-23,Europe,Netherlands,0.99,1,1G,2,2G,1,1G,4,4G,0,0,1,1G,0,0,3,3,1.5,2F,2,2,2,2G,2,2,2,2,1.5,2T,0,0,1,1G
NLD,2020-08-24,Europe,Netherlands,1,1,1G,2,2G,1,1G,4,4G,0,0,1,1G,0,0,3,3,1.5,2F,2,2,2,2G,2,2,2,2,1.5,2T,0,0,1,1G
NLD,2020-08-25,Europe,Netherlands,0.99,1,1G,2,2G,1,1G,4,4G,0,0,1,1G,0,0,3,3,1.5,2F,2,2,2,2G,2,2,2,2,1.5,2T,0,0,1,1G
NLD,2020-08-26,Europe,Netherlands,0.98,1,1G,2,2G,1,1G,4,4G,0,0,1,1G,0,0,3,3,1.5,2F,2,2,2,2G,2,2,2,2,1.5,2T,0,0,1,1G
NLD,2020-08-27,Europe,Netherlands,0.99,1,1G,2,2G,1,1G,4,4G,0,0,1,1G,0,0,3,3,1.5,2F,2,2,2,2G,2,2,2,2,1.5,2T,0,0,1,1G
NLD,2020-08-28,Europe,Netherlands,1,1,1G,2,2G,1,1G,4,4G,0,0,1,1G,0,0,3,3,1.5,2F,2,2,2,2G,2,2,2,2,1.5,2T,0,0,1,1G
NLD,2020-08-29,Europe,Netherlands,1.02,1,1G,2,2G,1,1G,4,4G,0,0,1,1G,0,0,3,3,1.5,2F,2,2,2,2G,2,2,2,2,1.5,2T,0,0,1,1G
NLD,2020-08-30,Europe,Netherlands,1.04,1,1G,2,2G,1,1G,4,4G,0,0,1,1G,0,0,3,3,1.5,2F,2,2,2,2G,2,2,2,2,1.5,2T,0,0,1,1G
NLD,2020-08-31,Europe,Netherlands,1.07,1,1G,2,2G,1,1G,4,4G,0,0,1,1G,0,0,3,3,1.5,2F,2,2,2,2G,2,2,2,2,2,2G,0,0,1,1G
NLD,2020-09-01,Europe,Netherlands,1.11,1,1G,2,2G,1,1G,4,4G,0,0,1,1G,0,0,3,3,1.5,2F,2,2,2,2G,2,2,2,2,2,2G,0,0,1,1G
NLD,2020-09-02,Europe,Netherlands,1.15,1,1G,2,2G,1,1G,4,4G,0,0,1,1G,0,0,3,3,1.5,2F,2,2,2,2G,2,2,2,2,2,2G,0,0,1,1G
NLD,2020-09-03,Europe,Netherlands,1.18,1,1G,2,2G,1,1G,4,4G,0,0,1,1G,0,0,3,3,1.5,2F,2,2,2,2G,2,2,2,2,2,2G,0,0,1,1G
NLD,2020-09-04,Europe,Netherlands,1.22,1,1G,2,2G,1,1G,4,4G,0,0,1,1G,0,0,3,3,1.5,2F,2,2,2,2G,2,2,2,2,2,2G,0,0,1,1G
NLD,2020-09-05,Europe,Netherlands,1.25,1,1G,2,2G,1,1G,4,4G,0,0,1,1G,0,0,3,3,1.5,2F,2,2,2,2G,2,2,2,2,2,2G,0,0,1,1G
NLD,2020-09-06,Europe,Netherlands,1.3,1,1G,2,2G,1,1G,4,4G,0,0,1,1G,0,0,3,3,1.5,2F,2,2,2,2G,2,2,2,2,2,2G,0,0,1,1G
NLD,2020-09-07,Europe,Netherlands,1.32,1,1G,2,2G,1,1G,4,4G,0,0,1,1G,0,0,3,3,1.5,2F,2,2,2,2G,2,2,2,2,2,2G,0,0,1,1G
NLD,2020-09-08,Europe,Netherlands,1.35,1,1G,2,2G,1,1G,4,4G,0,0,1,1G,0,0,3,3,1.5,2F,2,2,2,2G,2,2,2,2,2,2G,0,0,1,1G
NLD,2020-09-09,Europe,Netherlands,1.36,1,1G,2,2G,1,1G,4,4G,0,0,1,1G,0,0,3,3,1.5,2F,2,2,2,2G,2,2,2,2,2,2G,0,0,1,1G
NLD,2020-09-10,Europe,Netherlands,1.36,1,1G,2,2G,1,1G,4,4G,0,0,1,1G,0,0,3,3,1.5,2F,2,2,2,2G,2,2,2,2,2,2G,0,0,1,1G
NLD,2020-09-11,Europe,Netherlands,1.37,1,1G,2,2G,1,1G,4,4G,0,0,1,1G,0,0,3,3,1.5,2F,2,2,2,2G,2,2,2,2,2,2G,0,0,1,1G
NLD,2020-09-12,Europe,Netherlands,1.38,1,1G,2,2G,1,1G,4,4G,0,0,1,1G,0,0,3,3,1.5,2F,2,2,2,2G,2,2,2,2,2,2G,0,0,1,1G
NLD,2020-09-13,Europe,Netherlands,1.38,1,1G,2,2G,1,1G,4,4G,0,0,1,1G,0,0,3,3,1.5,2F,2,2,2,2G,2,2,2,2,2,2G,0,0,1,1G
NLD,2020-09-14,Europe,Netherlands,1.39,1,1G,2,2G,1,1G,4,4G,0,0,1,1G,0,0,3,3,1.5,2F,2,2,2,2G,2,2,2,2,2,2G,0,0,1,1G
NLD,2020-09-15,Europe,Netherlands,1.41,1,1G,2,2G,1,1G,4,4G,0,0,1,1G,0,0,3,3,1.5,2F,2,2,2,2G,2,2,2,2,2,2G,0,0,1,1G
NLD,2020-09-16,Europe,Netherlands,1.42,1,1G,2,2G,1,1G,4,4G,0,0,1,1G,0,0,3,3,1.5,2F,2,2,2,2G,2,2,2,2,2,2G,0,0,1,1G
NLD,2020-09-17,Europe,Netherlands,1.44,1,1G,2,2G,1,1G,4,4G,0,0,1,1G,0,0,3,3,1.5,2F,2,2,2,2G,2,2,2,2,2,2G,0,0,1,1G
NLD,2020-09-18,Europe,Netherlands,1.43,1,1G,2,2G,1,1G,4,4G,0,0,1,1G,0,0,3,3,1.5,2F,2,2,2,2G,2,2,2,2,2,2G,0,0,1,1G
NLD,2020-09-19,Europe,Netherlands,1.43,1,1G,2,2G,1,1G,4,4G,0,0,1,1G,0,0,3,3,1.5,2F,2,2,2,2G,2,2,2,2,2,2G,0,0,1,1G
NLD,2020-09-20,Europe,Netherlands,1.42,1,1G,2,2G,0.5,1T,4,4G,0,0,1,1G,0,0,3,3,1.5,2F,2,2,2,2G,2,2,2,2,2,2G,0,0,1,1G
NLD,2020-09-21,Europe,Netherlands,1.42,1,1G,2,2G,0.5,1T,4,4G,0,0,1,1G,0,0,3,3,1.5,2F,2,2,2,2G,2,2,2,2,2,2G,0,0,1,1G
NLD,2020-09-22,Europe,Netherlands,1.41,1,1G,2,2G,0.5,1T,4,4G,0,0,1,1G,0,0,3,3,1.5,2F,2,2,2,2G,2,2,2,2,2,2G,0,0,1,1G
NLD,2020-09-23,Europe,Netherlands,1.4,1,1G,2,2G,0.5,1T,4,4G,0,0,1,1G,0,0,3,3,1.5,2F,2,2,2,2G,2,2,2,2,2,2G,0,0,1,1G
NLD,2020-09-24,Europe,Netherlands,1.39,1,1G,2,2G,0.5,1T,4,4G,0,0,1,1G,0,0,3,3,1.5,2F,2,2,2,2G,2,2,2,2,2,2G,0,0,1,1G
NLD,2020-09-25,Europe,Netherlands,1.38,1,1G,2,2G,0.5,1T,4,4G,0,0,1,1G,0,0,3,3,1.5,2F,2,2,2,2G,2,2,2,2,2,2G,0,0,1,1G
NLD,2020-09-26,Europe,Netherlands,1.38,1,1G,2,2G,0.5,1T,4,4G,0,0,1,1G,0,0,3,3,1.5,2F,2,2,2,2G,2,2,2,2,2,2G,0,0,1,1G
NLD,2020-09-27,Europe,Netherlands,1.37,1,1G,2,2G,0.5,1T,4,4G,0,0,1,1G,0,0,3,3,1.5,2F,2,2,2,2G,2,2,2,2,2,2G,0,0,1,1G
NLD,2020-09-28,Europe,Netherlands,1.36,1,1G,2,2G,0.5,1T,4,4G,0,0,1,1G,0,0,3,3,1.5,2F,1,1,2,2G,2,2,2,2,2,2G,0,0,1,1G
NLD,2020-09-29,Europe,Netherlands,1.35,1,1G,2,2G,2,2G,4,4G,0,0,1,1G,1,1G,3,3,1.5,2F,1,1,2,2G,2,2,2,2,2,2G,0,0,1,1G
NLD,2020-09-30,Europe,Netherlands,1.35,1,1G,2,2G,2,2G,4,4G,0,0,1,1G,1,1G,3,3,1.5,2F,1,1,2,2G,2,2,2,2,2,2G,0,0,1,1G
NLD,2020-10-01,Europe,Netherlands,1.35,1,1G,2,2G,2,2G,4,4G,0,0,1,1G,1,1G,3,3,2,2A,1,1,2,2G,2,2,2,2,2,2G,0,0,1,1G
NLD,2020-10-02,Europe,Netherlands,1.36,1,1G,2,2G,2,2G,4,4G,0,0,1,1G,1,1G,3,3,2,2A,1,1,2,2G,2,2,2,2,2,2G,0,0,1,1G
NLD,2020-10-03,Europe,Netherlands,1.38,1,1G,2,2G,2,2G,4,4G,0,0,1,1G,1,1G,3,3,2,2A,1,1,2,2G,2,2,2,2,2,2G,0,0,1,1G
NLD,2020-10-04,Europe,Netherlands,1.39,1,1G,2,2G,2,2G,4,4G,0,0,1,1G,1,1G,3,3,2,2A,1,1,2,2G,2,2,2,2,2,2G,0,0,1,1G
NLD,2020-10-05,Europe,Netherlands,1.4,1,1G,2,2G,2,2G,4,4G,0,0,1,1G,1,1G,3,3,2,2A,1,1,2,2G,2,2,2,2,2,2G,0,0,1,1G
NLD,2020-10-06,Europe,Netherlands,1.41,1,1G,2,2G,2,2G,4,4G,0,0,1,1G,1,1G,3,3,2,2A,1,1,2,2G,2,2,2,2,2,2G,0,0,1,1G
NLD,2020-10-07,Europe,Netherlands,1.42,1,1G,2,2G,2,2G,4,4G,0,0,1,1G,1,1G,3,3,2,2A,1,1,2,2G,2,2,2,2,2,2G,0,0,1,1G
NLD,2020-10-08,Europe,Netherlands,1.42,1,1G,2,2G,2,2G,4,4G,0,0,1,1G,1,1G,3,3,2,2A,1,1,2,2G,2,2,2,2,2,2G,0,0,1,1G
NLD,2020-10-09,Europe,Netherlands,1.42,1,1G,2,2G,2,2G,4,4G,0,0,1,1G,1,1G,3,3,2,2A,1,1,2,2G,2,2,2,2,2,2G,0,0,1,1G
NLD,2020-10-10,Europe,Netherlands,1.42,1,1G,2,2G,2,2G,4,4G,0,0,1,1G,1,1G,3,3,2,2A,1,1,2,2G,2,2,2,2,2,2G,0,0,1,1G
NLD,2020-10-11,Europe,Netherlands,1.41,1,1G,2,2G,2,2G,4,4G,0,0,1,1G,1,1G,3,3,2,2A,1,1,2,2G,2,2,2,2,2,2G,0,0,1,1G
NLD,2020-10-12,Europe,Netherlands,1.39,1,1G,2,2G,2,2G,4,4G,0,0,1,1G,1,1G,3,3,2,2A,1,1,2,2G,2,2,2,2,2,2G,0,0,1,1G
NLD,2020-10-13,Europe,Netherlands,1.38,1,1G,2,2G,2,2G,4,4G,0,0,1,1G,1,1G,3,3,2,2A,1,1,2,2G,2,2,2,2,2,2G,0,0,1,1G
NLD,2020-10-14,Europe,Netherlands,1.35,1,1G,2,2G,2,2G,4,4G,0,0,1,1G,1,1G,3,3,2,2A,1,1,2,2G,2,2,2,2,2,2G,0,0,1,1G
NLD,2020-10-15,Europe,Netherlands,1.33,1,1G,2,2G,2,2G,4,4G,0,0,1,1G,1,1G,3,3,2,2A,1,1,2,2G,2,2,2,2,2,2G,0,0,1,1G
NLD,2020-10-16,Europe,Netherlands,1.3,1,1G,2,2G,2,2G,4,4G,0,0,1,1G,1,1G,3,3,2,2A,1,1,2,2G,2,2,2,2,2,2G,0,0,1,1G
NLD,2020-10-17,Europe,Netherlands,1.28,1,1G,2,2G,2,2G,4,4G,0,0,1,1G,1,1G,3,3,2,2A,1,1,2,2G,2,2,2,2,2,2G,0,0,1,1G
NLD,2020-10-18,Europe,Netherlands,1.27,1,1G,2,2G,2,2G,4,4G,0,0,1,1G,1,1G,3,3,2,2A,1,1,2,2G,2,2,2,2,2,2G,0,0,1,1G
NLD,2020-10-19,Europe,Netherlands,1.25,1,1G,2,2G,2,2G,4,4G,0,0,1,1G,1,1G,3,3,2,2A,1,1,2,2G,2,2,2,2,2,2G,0,0,1,1G
NLD,2020-10-20,Europe,Netherlands,1.24,1,1G,2,2G,2,2G,4,4G,0,0,1,1G,1,1G,3,3,2,2A,1,1,2,2G,2,2,2,2,2,2G,0,0,1,1G
NLD,2020-10-21,Europe,Netherlands,1.23,1,1G,2,2G,2,2G,4,4G,0,0,1,1G,1,1G,3,3,2,2A,1,1,2,2G,2,2,2,2,2,2G,0,0,1,1G
NLD,2020-10-22,Europe,Netherlands,1.21,1,1G,2,2G,2,2G,4,4G,0,0,1,1G,1,1G,3,3,2,2A,1,1,2,2G,2,2,2,2,2,2G,0,0,1,1G
NLD,2020-10-23,Europe,Netherlands,1.2,1,1G,2,2G,2,2G,4,4G,0,0,1,1G,1,1G,3,3,2,2A,1,1,2,2G,2,2,2,2,2,2G,0,0,1,1G
NLD,2020-10-24,Europe,Netherlands,1.19,1,1G,2,2G,2,2G,4,4G,0,0,1,1G,1,1G,3,3,2,2A,1,1,2,2G,2,2,2,2,2,2G,0,0,1,1G
NLD,2020-10-25,Europe,Netherlands,1.18,1,1G,2,2G,2,2G,4,4G,0,0,1,1G,1,1G,3,3,2,2A,1,1,2,2G,2,2,2,2,2,2G,0,0,1,1G
NLD,2020-10-26,Europe,Netherlands,1.17,1,1G,2,2G,2,2G,4,4G,0,0,1,1G,1,1G,3,3,2,2A,1,1,2,2G,2,2,2,2,2,2G,0,0,1,1G
NLD,2020-10-27,Europe,Netherlands,1.14,1,1G,2,2G,2,2G,4,4G,0,0,1,1G,1,1G,3,3,2,2A,1,1,2,2G,2,2,2,2,2,2G,0,0,1,1G
NLD,2020-10-28,Europe,Netherlands,1.1,1,1G,2,2G,2,2G,4,4G,0,0,1,1G,1,1G,3,3,2,2A,1,1,2,2G,2,2,2,2,2,2G,0,0,1,1G
NLD,2020-10-29,Europe,Netherlands,1.08,1,1G,2,2G,2,2G,4,4G,0,0,1,1G,1,1G,3,3,2,2A,1,1,2,2G,2,2,2,2,2,2G,0,0,1,1G
NLD,2020-10-30,Europe,Netherlands,1.05,1,1G,2,2G,2,2G,4,4G,0,0,1,1G,1,1G,3,3,2,2A,1,1,2,2G,2,2,2,2,2,2G,0,0,1,1G
NLD,2020-10-31,Europe,Netherlands,1.02,1,1G,2,2G,2,2G,4,4G,0,0,1,1G,1,1G,3,3,2,2A,1,1,2,2G,2,2,2,2,2,2G,0,0,1,1G
NLD,2020-11-01,Europe,Netherlands,0.98,1,1G,2,2G,2,2G,4,4G,0,0,1,1G,1,1G,3,3,2,2A,1,1,2,2G,2,2,2,2,2,2G,0,0,1,1G
NLD,2020-11-02,Europe,Netherlands,0.94,1,1G,2,2G,2,2G,4,4G,0,0,1,1G,1,1G,3,3,2,2A,1,1,2,2G,2,2,2,2,2,2G,0,0,1,1G
NLD,2020-11-03,Europe,Netherlands,0.91,1,1G,2,2G,2,2G,4,4G,0,0,1,1G,1,1G,3,3,2,2A,1,1,2,2G,2,2,2,2,2,2G,0,0,1,1G
NLD,2020-11-04,Europe,Netherlands,0.88,1,1G,3,3G,2,2G,4,4G,0,0,1,1G,1,1G,3,3,2,2A,1,1,2,2G,2,2,2,2,2,2G,0,0,2,2G
NLD,2020-11-05,Europe,Netherlands,0.84,1,1G,3,3G,2,2G,4,4G,0,0,1,1G,1,1G,3,3,2,2A,1,1,2,2G,2,2,2,2,2,2G,0,0,2,2G
NLD,2020-11-06,Europe,Netherlands,0.81,1,1G,3,3G,2,2G,4,4G,0,0,1,1G,1,1G,3,3,2,2A,1,1,2,2G,2,2,2,2,2,2G,0,0,2,2G
NLD,2020-11-07,Europe,Netherlands,0.79,1,1G,3,3G,2,2G,4,4G,0,0,1,1G,1,1G,3,3,2,2A,1,1,2,2G,2,2,2,2,2,2G,0,0,2,2G
NLD,2020-11-08,Europe,Netherlands,0.78,1,1G,3,3G,2,2G,4,4G,0,0,1,1G,1,1G,3,3,2,2A,1,1,2,2G,2,2,2,2,2,2G,0,0,2,2G
NLD,2020-11-09,Europe,Netherlands,0.78,1,1G,3,3G,2,2G,4,4G,0,0,1,1G,1,1G,3,3,2,2A,1,1,2,2G,2,2,2,2,2,2G,0,0,2,2G
NLD,2020-11-10,Europe,Netherlands,0.79,1,1G,3,3G,2,2G,4,4G,0,0,1,1G,1,1G,3,3,2,2A,1,1,2,2G,2,2,2,2,2,2G,0,0,2,2G
NLD,2020-11-11,Europe,Netherlands,0.8,1,1G,3,3G,2,2G,4,4G,0,0,1,1G,1,1G,3,3,2,2A,1,1,2,2G,2,2,2,2,2,2G,0,0,2,2G
NLD,2020-11-12,Europe,Netherlands,0.81,1,1G,3,3G,2,2G,4,4G,0,0,1,1G,1,1G,3,3,2,2A,1,1,2,2G,2,2,2,2,2,2G,0,0,2,2G
NLD,2020-11-13,Europe,Netherlands,0.82,1,1G,3,3G,2,2G,4,4G,0,0,1,1G,1,1G,3,3,2,2A,1,1,2,2G,2,2,2,2,2,2G,0,0,2,2G
NLD,2020-11-14,Europe,Netherlands,0.83,1,1G,3,3G,2,2G,4,4G,0,0,1,1G,1,1G,3,3,2,2A,1,1,2,2G,2,2,2,2,2,2G,0,0,2,2G
NLD,2020-11-15,Europe,Netherlands,0.84,1,1G,3,3G,2,2G,4,4G,0,0,1,1G,1,1G,3,3,2,2A,1,1,2,2G,2,2,2,2,2,2G,0,0,2,2G
NLD,2020-11-16,Europe,Netherlands,0.86,1,1G,3,3G,2,2G,4,4G,0,0,1,1G,1,1G,3,3,2,2A,1,1,2,2G,2,2,2,2,2,2G,0,0,2,2G
NLD,2020-11-17,Europe,Netherlands,0.87,1,1G,3,3G,2,2G,4,4G,0,0,1,1G,1,1G,3,3,2,2A,1,1,2,2G,2,2,2,2,2,2G,0,0,2,2G
NLD,2020-11-18,Europe,Netherlands,0.88,1,1G,3,3G,2,2G,4,4G,0,0,1,1G,1,1G,3,3,2,2A,1,1,2,2G,2,2,2,2,2,2G,0,0,2,2G
NLD,2020-11-19,Europe,Netherlands,0.9,1,1G,3,3G,2,2G,4,4G,0,0,1,1G,1,1G,3,3,2,2A,1,1,2,2G,2,2,2,2,2,2G,0,0,2,2G
NLD,2020-11-20,Europe,Netherlands,0.92,1,1G,3,3G,2,2G,4,4G,0,0,1,1G,1,1G,3,3,2,2A,1,1,2,2G,2,2,2,2,2,2G,0,0,2,2G
NLD,2020-11-21,Europe,Netherlands,0.93,1,1G,3,3G,2,2G,4,4G,0,0,1,1G,1,1G,3,3,2,2A,1,1,2,2G,2,2,2,2,2,2G,0,0,2,2G
NLD,2020-11-22,Europe,Netherlands,0.93,1,1G,2,2G,2,2G,4,4G,0,0,1,1G,0,0,3,3,2,2A,1,1,2,2G,2,2,2,2,2,2G,0,0,2,2G
NLD,2020-11-23,Europe,Netherlands,0.93,1,1G,2,2G,2,2G,4,4G,0,0,1,1G,0,0,3,3,2,2A,1,1,2,2G,2,2,2,2,2,2G,0,0,2,2G
NLD,2020-11-24,Europe,Netherlands,0.92,1,1G,2,2G,2,2G,4,4G,0,0,1,1G,0,0,3,3,2,2A,1,1,2,2G,2,2,2,2,2,2G,0,0,2,2G
NLD,2020-11-25,Europe,Netherlands,0.93,1,1G,2,2G,2,2G,4,4G,0,0,1,1G,0,0,3,3,2,2A,1,1,2,2G,2,2,2,2,2,2G,0,0,2,2G
NLD,2020-11-26,Europe,Netherlands,0.93,1,1G,2,2G,2,2G,4,4G,0,0,1,1G,0,0,3,3,2,2A,1,1,2,2G,2,2,2,2,2,2G,0,0,2,2G
NLD,2020-11-27,Europe,Netherlands,0.94,1,1G,2,2G,2,2G,4,4G,0,0,1,1G,0,0,3,3,2,2A,1,1,2,2G,2,2,2,2,2,2G,0,0,2,2G
NLD,2020-11-28,Europe,Netherlands,0.95,1,1G,2,2G,2,2G,4,4G,0,0,1,1G,0,0,3,3,2,2A,1,1,2,2G,2,2,2,2,2,2G,0,0,2,2G
NLD,2020-11-29,Europe,Netherlands,0.97,1,1G,2,2G,2,2G,4,4G,0,0,1,1G,0,0,3,3,2,2A,1,1,2,2G,2,2,2,2,2,2G,0,0,2,2G
NLD,2020-11-30,Europe,Netherlands,0.99,1,1G,2,2G,2,2G,4,4G,0,0,1,1G,0,0,3,3,2,2A,1,1,2,2G,2,2,2,2,2,2G,0,0,2,2G
NLD,2020-12-01,Europe,Netherlands,1.02,1,1G,2,2G,2,2G,4,4G,0,0,1,1G,0,0,3,3,2,2A,1,1,2,2G,2,2,1,1,2,2G,0,0,2,2G
NLD,2020-12-02,Europe,Netherlands,1.05,1,1G,2,2G,2,2G,4,4G,0,0,1,1G,0,0,3,3,2,2A,1,1,2,2G,2,2,1,1,2,2G,0,0,2,2G
NLD,2020-12-03,Europe,Netherlands,1.08,1,1G,2,2G,2,2G,4,4G,0,0,1,1G,0,0,3,3,2,2A,1,1,2,2G,2,2,1,1,2,2G,0,0,2,2G
NLD,2020-12-04,Europe,Netherlands,1.11,1,1G,2,2G,2,2G,4,4G,0,0,1,1G,0,0,3,3,2,2A,1,1,2,2G,2,2,1,1,2,2G,0,0,2,2G
NLD,2020-12-05,Europe,Netherlands,1.15,1,1G,2,2G,2,2G,4,4G,0,0,1,1G,0,0,3,3,2,2A,1,1,2,2G,2,2,1,1,2,2G,0,0,2,2G
NLD,2020-12-06,Europe,Netherlands,1.18,1,1G,2,2G,2,2G,4,4G,0,0,1,1G,0,0,3,3,2,2A,1,1,2,2G,2,2,1,1,2,2G,0,0,2,2G
NLD,2020-12-07,Europe,Netherlands,1.21,1,1G,2,2G,2,2G,4,4G,0,0,1,1G,0,0,3,3,2,2A,1,1,2,2G,2,2,1,1,2,2G,0,0,2,2G
NLD,2020-12-08,Europe,Netherlands,1.23,1,1G,2,2G,2,2G,4,4G,0,0,1,1G,0,0,3,3,2,2A,1,1,2,2G,2,2,1,1,2,2G,0,0,2,2G
NLD,2020-12-09,Europe,Netherlands,1.23,1,1G,2,2G,2,2G,4,4G,0,0,1,1G,0,0,3,3,2,2A,1,1,2,2G,2,2,1,1,2,2G,0,0,2,2G
NLD,2020-12-10,Europe,Netherlands,1.25,1,1G,2,2G,2,2G,4,4G,0,0,1,1G,0,0,3,3,2,2A,1,1,2,2G,2,2,1,1,2,2G,0,0,2,2G
NLD,2020-12-11,Europe,Netherlands,1.26,1,1G,2,2G,2,2G,4,4G,0,0,1,1G,0,0,3,3,2,2A,1,1,2,2G,2,2,1,1,2,2G,0,0,2,2G
NLD,2020-12-12,Europe,Netherlands,1.27,1,1G,2,2G,2,2G,4,4G,0,0,1,1G,0,0,3,3,2,2A,1,1,2,2G,2,2,1,1,2,2G,0,0,2,2G
NLD,2020-12-13,Europe,Netherlands,1.27,1,1G,2,2G,2,2G,4,4G,0,0,1,1G,0,0,3,3,2,2A,1,1,2,2G,2,2,1,1,2,2G,0,0,2,2G
NLD,2020-12-14,Europe,Netherlands,1.27,1,1G,2,2G,2,2G,4,4G,0,0,1,1G,0,0,3,3,2,2A,1,1,2,2G,2,2,1,1,2,2G,0,0,2,2G
NLD,2020-12-15,Europe,Netherlands,1.27,1,1G,3,3G,2,2G,4,4G,1,1G,1,1G,1,1G,3,3,2,2A,1,1,2,2G,2,2,1,1,2,2G,0,0,2,2G
NLD,2020-12-16,Europe,Netherlands,1.29,3,3G,3,3G,2,2G,4,4G,1,1G,1,1G,1,1G,3,3,2,2A,1,1,2,2G,2,2,1,1,2,2G,0,0,2,2G
NLD,2020-12-17,Europe,Netherlands,1.29,3,3G,3,3G,2,2G,4,4G,1,1G,1,1G,1,1G,3,3,2,2A,1,1,2,2G,2,2,1,1,2,2G,0,0,2,2G
NLD,2020-12-18,Europe,Netherlands,1.27,3,3G,3,3G,2,2G,4,4G,1,1G,1,1G,1,1G,3,3,2,2A,1,1,2,2G,2,2,1,1,2,2G,0,0,2,2G
NLD,2020-12-19,Europe,Netherlands,1.25,3,3G,3,3G,2,2G,4,4G,1,1G,1,1G,1,1G,3,3,2,2A,1,1,2,2G,2,2,1,1,2,2G,0,0,2,2G
NLD,2020-12-20,Europe,Netherlands,1.22,3,3G,3,3G,2,2G,4,4G,1,1G,1,1G,1,1G,3,3,2,2A,1,1,2,2G,2,2,1,1,2,2G,0,0,2,2G
NLD,2020-12-21,Europe,Netherlands,1.18,3,3G,3,3G,2,2G,4,4G,1,1G,1,1G,1,1G,3,3,2,2A,1,1,2,2G,2,2,1,1,2,2G,0,0,2,2G
NLD,2020-12-22,Europe,Netherlands,1.13,3,3G,3,3G,2,2G,4,4G,1,1G,1,1G,1,1G,3,3,2,2A,1,1,2,2G,2,2,1,1,2,2G,0,0,2,2G
NLD,2020-12-23,Europe,Netherlands,1.08,3,3G,3,3G,2,2G,4,4G,1,1G,1,1G,1,1G,3,3,2,2A,1,1,2,2G,2,2,1,1,2,2G,0,0,2,2G
NLD,2020-12-24,Europe,Netherlands,1.04,3,3G,3,3G,2,2G,4,4G,1,1G,1,1G,1,1G,3,3,2,2A,1,1,2,2G,2,2,1,1,2,2G,0,0,2,2G
NLD,2020-12-25,Europe,Netherlands,1,3,3G,3,3G,2,2G,4,4G,1,1G,1,1G,1,1G,3,3,2,2A,1,1,2,2G,2,2,1,1,2,2G,0,0,2,2G
NLD,2020-12-26,Europe,Netherlands,0.97,3,3G,3,3G,2,2G,4,4G,1,1G,1,1G,1,1G,3,3,2,2A,1,1,2,2G,2,2,1,1,2,2G,0,0,2,2G
NLD,2020-12-27,Europe,Netherlands,0.94,3,3G,3,3G,2,2G,4,4G,1,1G,1,1G,1,1G,3,3,2,2A,1,1,2,2G,2,2,1,1,2,2G,0,0,2,2G
NLD,2020-12-28,Europe,Netherlands,0.93,3,3G,3,3G,2,2G,4,4G,1,1G,1,1G,1,1G,3,3,2,2A,1,1,2,2G,2,2,1,1,2,2G,0,0,2,2G
NLD,2020-12-29,Europe,Netherlands,0.92,3,3G,3,3G,2,2G,4,4G,1,1G,1,1G,1,1G,3,3,2,2A,1,1,2,2G,2,2,1,1,2,2G,0,0,2,2G
NLD,2020-12-30,Europe,Netherlands,0.91,3,3G,3,3G,2,2G,4,4G,1,1G,1,1G,1,1G,3,3,2,2A,1,1,2,2G,2,2,1,1,2,2G,0,0,2,2G
NLD,2020-12-31,Europe,Netherlands,0.89,3,3G,3,3G,2,2G,4,4G,1,1G,1,1G,1,1G,3,3,2,2A,1,1,2,2G,2,2,1,1,2,2G,0,0,2,2G
NLD,2021-01-01,Europe,Netherlands,0.88,3,3G,3,3G,2,2G,4,4G,1,1G,1,1G,1,1G,3,3,2,2A,1,1,2,2G,2,2,1,1,2,2G,0,0,2,2G
NLD,2021-01-02,Europe,Netherlands,0.87,3,3G,3,3G,2,2G,4,4G,1,1G,1,1G,1,1G,3,3,2,2A,1,1,2,2G,2,2,1,1,2,2G,0,0,2,2G
NLD,2021-01-03,Europe,Netherlands,0.87,3,3G,3,3G,2,2G,4,4G,1,1G,1,1G,1,1G,3,3,2,2A,1,1,2,2G,2,2,1,1,2,2G,0,0,2,2G
NLD,2021-01-04,Europe,Netherlands,0.87,3,3G,3,3G,2,2G,4,4G,1,1G,1,1G,1,1G,3,3,2,2A,1,1,2,2G,2,2,1,1,2,2G,0,0,2,2G
NLD,2021-01-05,Europe,Netherlands,0.88,3,3G,3,3G,2,2G,4,4G,1,1G,1,1G,1,1G,3,3,2,2A,1,1,2,2G,2,2,1,1,2,2G,0,0,2,2G
NLD,2021-01-06,Europe,Netherlands,0.88,3,3G,3,3G,2,2G,4,4G,1,1G,1,1G,1,1G,3,3,2,2A,1,1,2,2G,2,2,1,1,2,2G,1,1G,2,2G
NLD,2021-01-07,Europe,Netherlands,0.88,3,3G,3,3G,2,2G,4,4G,1,1G,1,1G,1,1G,3,3,2,2A,1,1,2,2G,2,2,1,1,2,2G,1,1G,2,2G
NLD,2021-01-08,Europe,Netherlands,0.87,3,3G,3,3G,2,2G,4,4G,1,1G,1,1G,1,1G,3,3,2,2A,1,1,2,2G,2,2,1,1,2,2G,1,1G,2,2G
NLD,2021-01-09,Europe,Netherlands,0.86,3,3G,3,3G,2,2G,4,4G,1,1G,1,1G,1,1G,3,3,2,2A,1,1,2,2G,2,2,1,1,2,2G,1,1G,2,2G
NLD,2021-01-10,Europe,Netherlands,0.84,3,3G,3,3G,2,2G,4,4G,1,1G,1,1G,1,1G,3,3,2,2A,1,1,2,2G,2,2,1,1,2,2G,1,1G,2,2G
NLD,2021-01-11,Europe,Netherlands,0.83,3,3G,3,3G,2,2G,4,4G,1,1G,1,1G,1,1G,3,3,2,2A,1,1,2,2G,2,2,1,1,2,2G,1,1G,2,2G
NLD,2021-01-12,Europe,Netherlands,0.82,3,3G,3,3G,2,2G,4,4G,1,1G,1,1G,1,1G,3,3,2,2A,1,1,2,2G,2,2,1,1,2,2G,1,1G,2,2G
NLD,2021-01-13,Europe,Netherlands,0.82,3,3G,3,3G,2,2G,4,4G,1,1G,1,1G,1,1G,3,3,2,2A,1,1,2,2G,2,2,1,1,2,2G,1,1G,2,2G
NLD,2021-01-14,Europe,Netherlands,0.81,3,3G,3,3G,2,2G,4,4G,1,1G,1,1G,1,1G,3,3,2,2A,1,1,2,2G,2,2,1,1,2,2G,1,1G,2,2G
NLD,2021-01-15,Europe,Netherlands,0.81,3,3G,3,3G,2,2G,4,4G,1,1G,1,1G,1,1G,3,3,2,2A,1,1,2,2G,2,2,1,1,2,2G,1,1G,2,2G
NLD,2021-01-16,Europe,Netherlands,0.82,3,3G,3,3G,2,2G,4,4G,1,1G,1,1G,1,1G,3,3,2,2A,1,1,2,2G,2,2,1,1,2,2G,1,1G,2,2G
NLD,2021-01-17,Europe,Netherlands,0.83,3,3G,3,3G,2,2G,4,4G,1,1G,1,1G,1,1G,3,3,2,2A,1,1,2,2G,2,2,1,1,2,2G,1,1G,2,2G
NLD,2021-01-18,Europe,Netherlands,0.84,3,3G,3,3G,2,2G,4,4G,1,1G,1,1G,1,1G,3,3,2,2A,1,1,2,2G,2,2,1,1,2,2G,1,1G,2,2G
NLD,2021-01-19,Europe,Netherlands,0.85,3,3G,3,3G,2,2G,4,4G,1,1G,1,1G,1,1G,3,3,2,2A,1,1,2,2G,2,2,1,1,2,2G,1,1G,2,2G
NLD,2021-01-20,Europe,Netherlands,0.85,3,3G,3,3G,2,2G,4,4G,1,1G,1,1G,1,1G,3,3,2,2A,1,1,2,2G,2,2,1,1,2,2G,1,1G,2,2G
NLD,2021-01-21,Europe,Netherlands,0.85,3,3G,3,3G,2,2G,4,4G,1,1G,1,1G,1,1G,3,3,2,2A,1,1,2,2G,2,2,1,1,2,2G,1,1G,2,2G
NLD,2021-01-22,Europe,Netherlands,0.86,3,3G,3,3G,2,2G,4,4G,1,1G,1,1G,1,1G,3,3,2,2A,1,1,2,2G,2,2,1,1,2,2G,1,1G,2,2G
NLD,2021-01-23,Europe,Netherlands,0.86,3,3G,3,3G,2,2G,4,4G,1,1G,2,2G,1,1G,3,3,2,2A,1,1,2,2G,2,2,1,1,2,2G,1,1G,2,2G
NLD,2021-01-24,Europe,Netherlands,0.86,3,3G,3,3G,2,2G,4,4G,1,1G,2,2G,1,1G,3,3,2,2A,1,1,2,2G,2,2,1,1,2,2G,1,1G,2,2G
NLD,2021-01-25,Europe,Netherlands,0.85,3,3G,3,3G,2,2G,4,4G,1,1G,2,2G,1,1G,3,3,2,2A,1,1,2,2G,2,2,1,1,2,2G,1,1G,2,2G
NLD,2021-01-26,Europe,Netherlands,0.85,3,3G,3,3G,2,2G,4,4G,1,1G,2,2G,1,1G,3,3,2,2A,1,1,2,2G,2,2,1,1,2,2G,1,1G,2,2G
NLD,2021-01-27,Europe,Netherlands,0.84,3,3G,3,3G,2,2G,4,4G,1,1G,2,2G,1,1G,3,3,2,2A,1,1,2,2G,2,2,1,1,2,2G,1,1G,2,2G
NLD,2021-01-28,Europe,Netherlands,0.83,3,3G,3,3G,2,2G,4,4G,1,1G,2,2G,1,1G,3,3,2,2A,1,1,2,2G,2,2,1,1,2,2G,1,1G,2,2G
NLD,2021-01-29,Europe,Netherlands,0.82,3,3G,3,3G,2,2G,4,4G,1,1G,2,2G,1,1G,3,3,2,2A,1,1,2,2G,2,2,1,1,2,2G,1,1G,2,2G
NLD,2021-01-30,Europe,Netherlands,0.83,3,3G,3,3G,2,2G,4,4G,1,1G,2,2G,1,1G,3,3,2,2A,1,1,2,2G,2,2,1,1,2,2G,2,2G,2,2G
NLD,2021-01-31,Europe,Netherlands,0.83,3,3G,3,3G,2,2G,4,4G,1,1G,2,2G,1,1G,3,3,2,2A,1,1,2,2G,2,2,1,1,2,2G,2,2G,2,2G
NLD,2021-02-01,Europe,Netherlands,0.85,3,3G,3,3G,2,2G,4,4G,1,1G,2,2G,1,1G,3,3,2,2A,1,1,2,2G,2,2,1,1,2,2G,2,2G,2,2G
NLD,2021-02-02,Europe,Netherlands,0.86,3,3G,3,3G,2,2G,4,4G,1,1G,2,2G,1,1G,3,3,2,2A,1,1,2,2G,2,2,1,1,2,2G,2,2G,2,2G
NLD,2021-02-03,Europe,Netherlands,0.87,3,3G,3,3G,2,2G,4,4G,1,1G,2,2G,1,1G,3,3,2,2A,1,1,2,2G,2,2,1,1,2,2G,2,2G,2,2G
NLD,2021-02-04,Europe,Netherlands,0.86,3,3G,3,3G,2,2G,4,4G,1,1G,2,2G,1,1G,3,3,2,2A,1,1,2,2G,2,2,1,1,2,2G,2,2G,2,2G
NLD,2021-02-05,Europe,Netherlands,0.86,3,3G,3,3G,2,2G,4,4G,1,1G,2,2G,1,1G,3,3,2,2A,1,1,2,2G,2,2,1,1,2,2G,2,2G,2,2G
NLD,2021-02-06,Europe,Netherlands,0.86,3,3G,3,3G,2,2G,4,4G,1,1G,2,2G,1,1G,3,3,2,2A,1,1,2,2G,2,2,1,1,2,2G,2,2G,2,2G
NLD,2021-02-07,Europe,Netherlands,0.86,3,3G,3,3G,2,2G,4,4G,1,1G,2,2G,1,1G,3,3,2,2A,1,1,2,2G,2,2,1,1,2,2G,2,2G,2,2G
NLD,2021-02-08,Europe,Netherlands,0.86,2,2G,3,3G,2,2G,4,4G,1,1G,2,2G,1,1G,3,3,2,2A,1,1,2,2G,2,2,1,1,2,2G,2,2G,2,2G
NLD,2021-02-09,Europe,Netherlands,0.87,2,2G,3,3G,2,2G,4,4G,1,1G,2,2G,1,1G,3,3,2,2A,1,1,2,2G,2,2,1,1,2,2G,2,2G,2,2G
NLD,2021-02-10,Europe,Netherlands,0.9,2,2G,3,3G,2,2G,4,4G,1,1G,2,2G,1,1G,3,3,2,2A,1,1,2,2G,2,2,1,1,2,2G,2,2G,2,2G
NLD,2021-02-11,Europe,Netherlands,0.93,2,2G,3,3G,2,2G,4,4G,1,1G,2,2G,1,1G,3,3,2,2A,1,1,2,2G,2,2,1,1,2,2G,2,2G,2,2G
NLD,2021-02-12,Europe,Netherlands,0.95,2,2G,3,3G,2,2G,4,4G,1,1G,2,2G,1,1G,3,3,2,2A,1,1,2,2G,2,2,1,1,2,2G,2,2G,2,2G
NLD,2021-02-13,Europe,Netherlands,0.97,2,2G,3,3G,2,2G,4,4G,1,1G,2,2G,1,1G,3,3,2,2A,1,1,2,2G,2,2,1,1,2,2G,2,2G,2,2G
NLD,2021-02-14,Europe,Netherlands,0.97,2,2G,3,3G,2,2G,4,4G,1,1G,2,2G,1,1G,3,3,2,2A,1,1,2,2G,2,2,1,1,2,2G,2,2G,2,2G
NLD,2021-02-15,Europe,Netherlands,0.98,2,2G,3,3G,2,2G,4,4G,1,1G,2,2G,1,1G,3,3,2,2A,1,1,2,2G,2,2,1,1,2,2G,2,2G,2,2G
NLD,2021-02-16,Europe,Netherlands,1,2,2G,3,3G,2,2G,4,4G,1,1G,2,2G,1,1G,3,3,2,2A,1,1,2,2G,2,2,1,1,2,2G,2,2G,2,2G
NLD,2021-02-17,Europe,Netherlands,1.03,2,2G,3,3G,2,2G,4,4G,1,1G,2,2G,1,1G,3,3,2,2A,1,1,2,2G,2,2,1,1,2,2G,2,2G,2,2G
NLD,2021-02-18,Europe,Netherlands,1.06,2,2G,3,3G,2,2G,4,4G,1,1G,2,2G,1,1G,3,3,2,2A,1,1,2,2G,2,2,1,1,2,2G,2,2G,2,2G
NLD,2021-02-19,Europe,Netherlands,1.09,2,2G,3,3G,2,2G,4,4G,1,1G,2,2G,1,1G,3,3,2,2A,1,1,2,2G,2,2,1,1,2,2G,3,3G,2,2G
NLD,2021-02-20,Europe,Netherlands,1.1,2,2G,3,3G,2,2G,4,4G,1,1G,2,2G,1,1G,3,3,2,2A,1,1,2,2G,2,2,1,1,2,2G,3,3G,2,2G
NLD,2021-02-21,Europe,Netherlands,1.12,2,2G,3,3G,2,2G,4,4G,1,1G,2,2G,1,1G,3,3,2,2A,1,1,2,2G,2,2,1,1,2,2G,3,3G,2,2G
NLD,2021-02-22,Europe,Netherlands,1.12,2,2G,3,3G,2,2G,4,4G,1,1G,2,2G,1,1G,3,3,2,2A,1,1,2,2G,2,2,1,1,2,2G,3,3G,2,2G
NLD,2021-02-23,Europe,Netherlands,1.11,2,2G,3,3G,2,2G,4,4G,1,1G,2,2G,1,1G,3,3,2,2A,1,1,2,2G,2,2,1,1,2,2G,3,3G,2,2G
NLD,2021-02-24,Europe,Netherlands,1.1,2,2G,3,3G,2,2G,4,4G,1,1G,2,2G,1,1G,3,3,2,2A,1,1,2,2G,2,2,1,1,2,2G,3,3G,2,2G
NLD,2021-02-25,Europe,Netherlands,1.09,2,2G,3,3G,2,2G,4,4G,1,1G,2,2G,1,1G,3,3,2,2A,1,1,2,2G,2,2,1,1,2,2G,3,3G,2,2G
NLD,2021-02-26,Europe,Netherlands,1.08,2,2G,3,3G,2,2G,4,4G,1,1G,2,2G,1,1G,3,3,2,2A,1,1,2,2G,2,2,1,1,2,2G,3,3G,2,2G
NLD,2021-02-27,Europe,Netherlands,1.07,2,2G,3,3G,2,2G,4,4G,1,1G,2,2G,1,1G,3,3,2,2A,1,1,2,2G,2,2,1,1,2,2G,3,3G,2,2G
NLD,2021-02-28,Europe,Netherlands,1.06,2,2G,3,3G,2,2G,4,4G,1,1G,2,2G,1,1G,3,3,2,2A,1,1,2,2G,2,2,1,1,2,2G,3,3G,2,2G
NLD,2021-03-01,Europe,Netherlands,1.06,2,2G,3,3G,2,2G,4,4G,1,1G,2,2G,1,1G,3,3,2,2A,1,1,2,2G,2,2,1,1,2,2G,3,3G,2,2G
NLD,2021-03-02,Europe,Netherlands,1.05,2,2G,3,3G,2,2G,4,4G,1,1G,2,2G,1,1G,3,3,2,2A,1,1,2,2G,2,2,1,1,2,2G,3,3G,2,2G
NLD,2021-03-03,Europe,Netherlands,1.05,2,2G,2,2G,2,2G,4,4G,1,1G,2,2G,1,1G,3,3,2,2A,1,1,2,2G,2,2,1,1,2,2G,3,3G,2,2G
NLD,2021-03-04,Europe,Netherlands,1.03,2,2G,2,2G,2,2G,4,4G,1,1G,2,2G,1,1G,3,3,2,2A,1,1,2,2G,2,2,1,1,2,2G,3,3G,2,2G
NLD,2021-03-05,Europe,Netherlands,1.04,2,2G,2,2G,2,2G,4,4G,1,1G,2,2G,1,1G,3,3,2,2A,1,1,2,2G,2,2,1,1,2,2G,3,3G,2,2G
NLD,2021-03-06,Europe,Netherlands,1.05,2,2G,2,2G,2,2G,4,4G,1,1G,2,2G,1,1G,3,3,2,2A,1,1,2,2G,2,2,1,1,2,2G,3,3G,2,2G
NLD,2021-03-07,Europe,Netherlands,1.06,2,2G,2,2G,2,2G,4,4G,1,1G,2,2G,1,1G,3,3,2,2A,1,1,2,2G,2,2,1,1,2,2G,3,3G,2,2G
NLD,2021-03-08,Europe,Netherlands,1.08,2,2G,2,2G,2,2G,4,4G,1,1G,2,2G,1,1G,3,3,2,2A,1,1,2,2G,2,2,1,1,2,2G,3,3G,2,2G
NLD,2021-03-09,Europe,Netherlands,1.1,2,2G,2,2G,2,2G,4,4G,1,1G,2,2G,1,1G,3,3,2,2A,1,1,2,2G,2,2,1,1,2,2G,3,3G,2,2G
NLD,2021-03-10,Europe,Netherlands,1.12,2,2G,2,2G,2,2G,4,4G,1,1G,2,2G,1,1G,3,3,2,2A,1,1,2,2G,2,2,1,1,2,2G,3,3G,2,2G
NLD,2021-03-11,Europe,Netherlands,1.13,2,2G,2,2G,2,2G,4,4G,1,1G,2,2G,1,1G,3,3,2,2A,1,1,2,2G,2,2,1,1,2,2G,3,3G,2,2G
NLD,2021-03-12,Europe,Netherlands,1.15,2,2G,2,2G,2,2G,4,4G,1,1G,2,2G,1,1G,3,3,2,2A,1,1,2,2G,2,2,1,1,2,2G,3,3G,2,2G
NLD,2021-03-13,Europe,Netherlands,1.16,2,2G,2,2G,2,2G,4,4G,1,1G,2,2G,1,1G,3,3,2,2A,1,1,2,2G,2,2,1,1,2,2G,3,3G,2,2G
NLD,2021-03-14,Europe,Netherlands,1.16,2,2G,2,2G,2,2G,4,4G,1,1G,2,2G,1,1G,3,3,2,2A,1,1,2,2G,2,2,1,1,2,2G,3,3G,2,2G
NLD,2021-03-15,Europe,Netherlands,1.17,2,2G,2,2G,2,2G,4,4G,1,1G,2,2G,1,1G,3,3,2,2A,1,1,2,2G,2,2,1,1,2,2G,3,3G,2,2G
NLD,2021-03-16,Europe,Netherlands,1.16,2,2G,2,2G,2,2G,4,4G,1,1G,2,2G,1,1G,3,3,2,2A,1,1,2,2G,2,2,1,1,2,2G,3,3G,2,2G
NLD,2021-03-17,Europe,Netherlands,1.16,2,2G,2,2G,2,2G,4,4G,1,1G,2,2G,1,1G,3,3,2,2A,1,1,2,2G,2,2,1,1,2,2G,3,3G,2,2G
NLD,2021-03-18,Europe,Netherlands,1.16,2,2G,2,2G,2,2G,4,4G,1,1G,2,2G,1,1G,3,3,2,2A,1,1,2,2G,2,2,1,1,2,2G,3,3G,2,2G
NLD,2021-03-19,Europe,Netherlands,1.17,2,2G,2,2G,2,2G,4,4G,1,1G,2,2G,1,1G,3,3,2,2A,1,1,2,2G,2,2,1,1,2,2G,3,3G,2,2G
NLD,2021-03-20,Europe,Netherlands,1.17,2,2G,2,2G,2,2G,4,4G,1,1G,2,2G,1,1G,3,3,2,2A,1,1,2,2G,2,2,1,1,2,2G,3,3G,2,2G
NLD,2021-03-21,Europe,Netherlands,1.17,2,2G,2,2G,2,2G,4,4G,1,1G,2,2G,1,1G,3,3,2,2A,1,1,2,2G,2,2,1,1,2,2G,3,3G,2,2G
NLD,2021-03-22,Europe,Netherlands,1.17,2,2G,2,2G,2,2G,4,4G,1,1G,2,2G,1,1G,3,3,2,2A,1,1,2,2G,2,2,1,1,2,2G,3,3G,2,2G
NLD,2021-03-23,Europe,Netherlands,1.16,2,2G,2,2G,2,2G,4,4G,1,1G,2,2G,1,1G,3,3,2,2A,1,1,2,2G,2,2,1,1,2,2G,3,3G,2,2G
NLD,2021-03-24,Europe,Netherlands,1.16,2,2G,2,2G,2,2G,4,4G,1,1G,2,2G,1,1G,3,3,2,2A,1,1,2,2G,2,2,1,1,2,2G,3,3G,2,2G
NLD,2021-03-25,Europe,Netherlands,1.15,2,2G,2,2G,2,2G,4,4G,1,1G,2,2G,1,1G,3,3,2,2A,1,1,2,2G,2,2,1,1,2,2G,3,3G,2,2G
NLD,2021-03-26,Europe,Netherlands,1.13,2,2G,2,2G,2,2G,4,4G,1,1G,2,2G,1,1G,3,3,2,2A,1,1,2,2G,2,2,1,1,2,2G,3,3G,2,2G
NLD,2021-03-27,Europe,Netherlands,1.12,2,2G,2,2G,2,2G,4,4G,1,1G,2,2G,1,1G,3,3,2,2A,1,1,2,2G,2,2,1,1,2,2G,3,3G,2,2G
NLD,2021-03-28,Europe,Netherlands,1.11,2,2G,2,2G,2,2G,4,4G,1,1G,2,2G,1,1G,3,3,2,2A,1,1,2,2G,2,2,1,1,2,2G,3,3G,2,2G
NLD,2021-03-29,Europe,Netherlands,1.09,2,2G,2,2G,2,2G,4,4G,1,1G,2,2G,1,1G,3,3,2,2A,1,1,2,2G,2,2,1,1,2,2G,3,3G,2,2G
NLD,2021-03-30,Europe,Netherlands,1.07,2,2G,2,2G,2,2G,4,4G,1,1G,2,2G,1,1G,3,3,2,2A,1,1,2,2G,2,2,1,1,2,2G,3,3G,2,2G
NLD,2021-03-31,Europe,Netherlands,1.06,2,2G,2,2G,2,2G,4,4G,1,1G,2,2G,1,1G,3,3,2,2A,1,1,2,2G,2,2,1,1,2,2G,3,3G,2,2G
NLD,2021-04-01,Europe,Netherlands,1.04,2,2G,2,2G,2,2G,4,4G,1,1G,2,2G,1,1G,3,3,2,2A,1,1,2,2G,2,2,1,1,2,2G,3,3G,2,2G
NLD,2021-04-02,Europe,Netherlands,1.02,2,2G,2,2G,2,2G,4,4G,1,1G,2,2G,1,1G,3,3,2,2A,1,1,2,2G,2,2,1,1,2,2G,3,3G,2,2G
NLD,2021-04-03,Europe,Netherlands,1,2,2G,2,2G,2,2G,4,4G,1,1G,2,2G,1,1G,3,3,2,2A,1,1,2,2G,2,2,1,1,2,2G,3,3G,2,2G
NLD,2021-04-04,Europe,Netherlands,0.99,2,2G,2,2G,2,2G,4,4G,1,1G,2,2G,1,1G,3,3,2,2A,1,1,2,2G,2,2,1,1,2,2G,3,3G,2,2G
NLD,2021-04-05,Europe,Netherlands,0.99,2,2G,2,2G,2,2G,4,4G,1,1G,2,2G,1,1G,3,3,2,2A,1,1,2,2G,2,2,1,1,2,2G,3,3G,2,2G
NLD,2021-04-06,Europe,Netherlands,0.99,2,2G,2,2G,2,2G,4,4G,1,1G,2,2G,1,1G,3,3,2,2A,1,1,2,2G,2,2,1,1,2,2G,3,3G,2,2G
NLD,2021-04-07,Europe,Netherlands,1,2,2G,2,2G,2,2G,4,4G,1,1G,2,2G,1,1G,3,3,2,2A,1,1,2,2G,2,2,1,1,2,2G,3,3G,2,2G
NLD,2021-04-08,Europe,Netherlands,1.01,2,2G,2,2G,2,2G,4,4G,1,1G,2,2G,1,1G,3,3,2,2A,1,1,2,2G,2,2,1,1,2,2G,3,3G,2,2G
NLD,2021-04-09,Europe,Netherlands,1.02,2,2G,2,2G,2,2G,4,4G,1,1G,2,2G,1,1G,3,3,2,2A,1,1,2,2G,2,2,1,1,2,2G,3,3G,2,2G
NLD,2021-04-10,Europe,Netherlands,1.03,2,2G,2,2G,2,2G,4,4G,1,1G,2,2G,1,1G,3,3,2,2A,1,1,2,2G,2,2,1,1,2,2G,3,3G,2,2G
NLD,2021-04-11,Europe,Netherlands,1.04,2,2G,2,2G,2,2G,4,4G,1,1G,2,2G,1,1G,3,3,2,2A,1,1,2,2G,2,2,1,1,2,2G,3,3G,2,2G
NLD,2021-04-12,Europe,Netherlands,1.04,2,2G,2,2G,2,2G,4,4G,1,1G,2,2G,1,1G,3,3,2,2A,1,1,2,2G,2,2,1,1,2,2G,3,3G,2,2G
NLD,2021-04-13,Europe,Netherlands,1.03,2,2G,2,2G,2,2G,4,4G,1,1G,2,2G,1,1G,3,3,2,2A,1,1,2,2G,2,2,1,1,2,2G,3,3G,2,2G
NLD,2021-04-14,Europe,Netherlands,1.03,2,2G,2,2G,2,2G,4,4G,1,1G,2,2G,1,1G,3,3,2,2A,1,1,2,2G,2,2,1,1,2,2G,3,3G,2,2G
NLD,2021-04-15,Europe,Netherlands,1.04,2,2G,2,2G,2,2G,4,4G,1,1G,2,2G,1,1G,3,3,2,2A,1,1,2,2G,2,2,1,1,2,2G,3,3G,2,2G
NLD,2021-04-16,Europe,Netherlands,1.06,2,2G,2,2G,2,2G,4,4G,1,1G,2,2G,1,1G,3,3,2,2A,1,1,2,2G,2,2,1,1,2,2G,3,3G,2,2G
NLD,2021-04-17,Europe,Netherlands,1.06,2,2G,2,2G,2,2G,4,4G,1,1G,2,2G,1,1G,3,3,2,2A,1,1,2,2G,2,2,1,1,2,2G,3,3G,2,2G
NLD,2021-04-18,Europe,Netherlands,1.06,2,2G,2,2G,2,2G,4,4G,1,1G,2,2G,1,1G,3,3,2,2A,1,1,2,2G,2,2,1,1,2,2G,3,3G,2,2G
NLD,2021-04-19,Europe,Netherlands,1.06,2,2G,2,2G,2,2G,4,4G,1,1G,2,2G,1,1G,3,3,2,2A,1,1,2,2G,2,2,1,1,2,2G,3,3G,2,2G
NLD,2021-04-20,Europe,Netherlands,1.06,2,2G,2,2G,2,2G,4,4G,1,1G,2,2G,1,1G,3,3,2,2A,1,1,2,2G,2,2,1,1,2,2G,3,3G,2,2G
NLD,2021-04-21,Europe,Netherlands,1.05,2,2G,2,2G,2,2G,4,4G,1,1G,2,2G,1,1G,3,3,2,2A,1,1,2,2G,2,2,1,1,2,2G,3,3G,2,2G
NLD,2021-04-22,Europe,Netherlands,1.04,2,2G,2,2G,2,2G,4,4G,1,1G,2,2G,1,1G,3,3,2,2A,1,1,2,2G,2,2,1,1,2,2G,3,3G,2,2G
NLD,2021-04-23,Europe,Netherlands,1.03,2,2G,2,2G,2,2G,4,4G,1,1G,2,2G,1,1G,3,3,2,2A,1,1,2,2G,2,2,1,1,2,2G,3,3G,2,2G
NLD,2021-04-24,Europe,Netherlands,1.01,2,2G,2,2G,2,2G,4,4G,1,1G,2,2G,1,1G,3,3,2,2A,1,1,2,2G,2,2,1,1,2,2G,3,3G,2,2G
NLD,2021-04-25,Europe,Netherlands,0.99,2,2G,2,2G,2,2G,4,4G,1,1G,2,2G,1,1G,3,3,2,2A,1,1,2,2G,2,2,1,1,2,2G,3,3G,2,2G
NLD,2021-04-26,Europe,Netherlands,0.97,1,1G,2,2G,2,2G,4,4G,1,1G,2,2G,1,1G,3,3,2,2A,1,1,2,2G,2,2,1,1,2,2G,3,3G,2,2G
NLD,2021-04-27,Europe,Netherlands,0.96,1,1G,2,2G,2,2G,4,4G,1,1G,2,2G,1,1G,3,3,2,2A,1,1,2,2G,2,2,1,1,2,2G,3,3G,2,2G
NLD,2021-04-28,Europe,Netherlands,0.97,1,1G,2,2G,2,2G,4,4G,1,1G,1,1G,1,1G,3,3,2,2A,1,1,2,2G,2,2,1,1,2,2G,3,3G,2,2G
NLD,2021-04-29,Europe,Netherlands,0.96,1,1G,2,2G,2,2G,4,4G,1,1G,1,1G,1,1G,3,3,2,2A,1,1,2,2G,2,2,1,1,2,2G,3,3G,2,2G
NLD,2021-04-30,Europe,Netherlands,0.95,1,1G,2,2G,2,2G,4,4G,1,1G,1,1G,1,1G,3,3,2,2A,1,1,2,2G,2,2,1,1,2,2G,3,3G,2,2G
NLD,2021-05-01,Europe,Netherlands,0.94,1,1G,2,2G,2,2G,4,4G,1,1G,1,1G,1,1G,3,3,2,2A,1,1,2,2G,2,2,1,1,2,2G,3,3G,2,2G
NLD,2021-05-02,Europe,Netherlands,0.96,1,1G,2,2G,2,2G,4,4G,1,1G,1,1G,1,1G,3,3,2,2A,1,1,2,2G,2,2,1,1,2,2G,3,3G,2,2G
NLD,2021-05-03,Europe,Netherlands,0.98,1,1G,2,2G,2,2G,4,4G,1,1G,1,1G,1,1G,3,3,2,2A,1,1,2,2G,2,2,1,1,2,2G,3,3G,2,2G
NLD,2021-05-04,Europe,Netherlands,0.98,1,1G,2,2G,2,2G,4,4G,1,1G,1,1G,1,1G,3,3,2,2A,1,1,2,2G,2,2,1,1,2,2G,3,3G,2,2G
NLD,2021-05-05,Europe,Netherlands,0.96,1,1G,2,2G,2,2G,4,4G,1,1G,1,1G,1,1G,3,3,2,2A,1,1,2,2G,2,2,1,1,2,2G,3,3G,2,2G
NLD,2021-05-06,Europe,Netherlands,0.94,1,1G,2,2G,2,2G,4,4G,1,1G,1,1G,1,1G,3,3,2,2A,1,1,2,2G,2,2,1,1,2,2G,3,3G,2,2G
NLD,2021-05-07,Europe,Netherlands,0.93,1,1G,2,2G,2,2G,4,4G,1,1G,1,1G,1,1G,3,3,2,2A,1,1,2,2G,2,2,1,1,2,2G,3,3G,2,2G
NLD,2021-05-08,Europe,Netherlands,0.92,1,1G,2,2G,2,2G,4,4G,1,1G,1,1G,1,1G,3,3,2,2A,1,1,2,2G,2,2,1,1,2,2G,3,3G,2,2G
NLD,2021-05-09,Europe,Netherlands,0.91,1,1G,2,2G,2,2G,4,4G,1,1G,1,1G,1,1G,3,3,2,2A,1,1,2,2G,2,2,1,1,2,2G,3,3G,2,2G
NLD,2021-05-10,Europe,Netherlands,0.88,1,1G,2,2G,2,2G,4,4G,1,1G,1,1G,1,1G,3,3,2,2A,1,1,2,2G,2,2,1,1,2,2G,3,3G,2,2G
NLD,2021-05-11,Europe,Netherlands,0.86,1,1G,2,2G,2,2G,4,4G,1,1G,1,1G,1,1G,3,3,2,2A,1,1,2,2G,2,2,1,1,2,2G,3,3G,2,2G
NLD,2021-05-12,Europe,Netherlands,0.84,1,1G,2,2G,2,2G,4,4G,1,1G,1,1G,1,1G,3,3,2,2A,1,1,2,2G,2,2,1,1,2,2G,3,3G,2,2G
NLD,2021-05-13,Europe,Netherlands,0.82,1,1G,2,2G,2,2G,4,4G,1,1G,1,1G,1,1G,3,3,2,2A,1,1,2,2G,2,2,1,1,2,2G,3,3G,2,2G
NLD,2021-05-14,Europe,Netherlands,0.79,1,1G,2,2G,2,2G,4,4G,1,1G,1,1G,1,1G,3,3,2,2A,1,1,2,2G,2,2,1,1,2,2G,3,3G,2,2G
NLD,2021-05-15,Europe,Netherlands,0.78,1,1G,2,2G,2,2G,4,4G,1,1G,1,1G,1,1G,3,3,2,2A,1,1,2,2G,2,2,1,1,2,2G,3,3G,2,2G
NLD,2021-05-16,Europe,Netherlands,0.77,1,1G,2,2G,2,2G,4,4G,1,1G,1,1G,1,1G,3,3,2,2A,1,1,2,2G,2,2,1,1,2,2G,3,3G,2,2G
NLD,2021-05-17,Europe,Netherlands,0.77,1,1G,2,2G,2,2G,4,4G,1,1G,1,1G,1,1G,3,3,2,2A,1,1,2,2G,2,2,1,1,2,2G,3,3G,2,2G
NLD,2021-05-18,Europe,Netherlands,0.78,1,1G,2,2G,2,2G,4,4G,1,1G,1,1G,1,1G,3,3,2,2A,1,1,2,2G,2,2,1,1,2,2G,3,3G,2,2G
NLD,2021-05-19,Europe,Netherlands,0.77,1,1G,2,2G,2,2G,4,4G,0,0,1,1G,1,1G,3,3,2,2A,1,1,2,2G,2,2,1,1,2,2G,3,3G,2,2G
NLD,2021-05-20,Europe,Netherlands,0.75,1,1G,2,2G,2,2G,4,4G,0,0,1,1G,1,1G,3,3,2,2A,1,1,2,2G,2,2,1,1,2,2G,3,3G,2,2G
NLD,2021-05-21,Europe,Netherlands,0.74,1,1G,2,2G,2,2G,4,4G,0,0,1,1G,1,1G,3,3,2,2A,1,1,2,2G,2,2,1,1,2,2G,3,3G,2,2G
NLD,2021-05-22,Europe,Netherlands,0.73,1,1G,2,2G,2,2G,4,4G,0,0,1,1G,1,1G,3,3,2,2A,1,1,2,2G,2,2,1,1,2,2G,3,3G,2,2G
NLD,2021-05-23,Europe,Netherlands,0.73,1,1G,2,2G,2,2G,4,4G,0,0,1,1G,1,1G,3,3,2,2A,1,1,2,2G,2,2,1,1,2,2G,3,3G,2,2G
NLD,2021-05-24,Europe,Netherlands,0.72,1,1G,2,2G,2,2G,4,4G,0,0,1,1G,1,1G,3,3,2,2A,1,1,2,2G,2,2,1,1,2,2G,3,3G,2,2G
NLD,2021-05-25,Europe,Netherlands,0.72,1,1G,2,2G,2,2G,4,4G,0,0,1,1G,1,1G,3,3,2,2A,1,1,2,2G,2,2,1,1,2,2G,3,3G,2,2G
NLD,2021-05-26,Europe,Netherlands,0.73,1,1G,2,2G,2,2G,4,4G,0,0,1,1G,1,1G,3,3,2,2A,1,1,2,2G,2,2,1,1,2,2G,3,3G,2,2G
NLD,2021-05-27,Europe,Netherlands,0.75,1,1G,2,2G,2,2G,4,4G,0,0,1,1G,1,1G,3,3,2,2A,1,1,2,2G,2,2,1,1,2,2G,3,3G,2,2G
NLD,2021-05-28,Europe,Netherlands,0.77,1,1G,2,2G,2,2G,4,4G,0,0,1,1G,1,1G,3,3,2,2A,1,1,2,2G,2,2,1,1,2,2G,3,3G,2,2G
NLD,2021-05-29,Europe,Netherlands,0.77,1,1G,2,2G,2,2G,4,4G,0,0,1,1G,1,1G,3,3,2,2A,1,1,2,2G,2,2,1,1,2,2G,3,3G,2,2G
NLD,2021-05-30,Europe,Netherlands,0.76,1,1G,2,2G,2,2G,4,4G,0,0,1,1G,1,1G,3,3,2,2A,1,1,2,2G,2,2,1,1,2,2G,3,3G,2,2G
NLD,2021-05-31,Europe,Netherlands,0.75,1,1G,2,2G,2,2G,4,4G,0,0,1,1G,1,1G,3,3,2,2A,1,1,2,2G,2,2,1,1,2,2G,3,3G,2,2G
NLD,2021-06-01,Europe,Netherlands,0.74,1,1G,2,2G,2,2G,4,4G,0,0,1,1G,1,1G,3,3,2,2A,1,1,2,2G,2,2,1,1,2,2G,3,3G,2,2G
NLD,2021-06-02,Europe,Netherlands,0.73,1,1G,2,2G,2,2G,4,4G,0,0,1,1G,1,1G,3,3,2,2A,1,1,2,2G,2,2,1,1,2,2G,3,3G,2,2G
NLD,2021-06-03,Europe,Netherlands,0.72,1,1G,2,2G,2,2G,4,4G,0,0,1,1G,1,1G,3,3,2,2A,1,1,2,2G,2,2,1,1,2,2G,3,3G,2,2G
NLD,2021-06-04,Europe,Netherlands,0.7,1,1G,2,2G,2,2G,4,4G,0,0,1,1G,1,1G,3,3,2,2A,1,1,2,2G,2,2,1,1,2,2G,3,3G,2,2G
NLD,2021-06-05,Europe,Netherlands,0.69,1,1G,2,2G,2,2G,4,4G,1,1G,1,1G,1,1G,3,3,2,2A,1,1,2,2G,2,2,1,1,2,2G,4,4G,2,2G
NLD,2021-06-06,Europe,Netherlands,0.67,1,1G,2,2G,2,2G,4,4G,1,1G,1,1G,1,1G,3,3,2,2A,1,1,2,2G,2,2,1,1,2,2G,4,4G,2,2G
NLD,2021-06-07,Europe,Netherlands,0.66,1,1G,2,2G,2,2G,4,4G,1,1G,1,1G,1,1G,3,3,2,2A,1,1,2,2G,2,2,1,1,2,2G,4,4G,2,2G
NLD,2021-06-08,Europe,Netherlands,0.65,1,1G,2,2G,2,2G,4,4G,1,1G,1,1G,1,1G,3,3,2,2A,1,1,2,2G,2,2,1,1,2,2G,4,4G,2,2G
NLD,2021-06-09,Europe,Netherlands,0.64,1,1G,2,2G,2,2G,4,4G,1,1G,1,1G,1,1G,3,3,2,2A,1,1,2,2G,2,2,1,1,2,2G,4,4G,2,2G
NLD,2021-06-10,Europe,Netherlands,0.63,1,1G,2,2G,2,2G,4,4G,1,1G,1,1G,1,1G,3,3,2,2A,1,1,2,2G,2,2,1,1,2,2G,4,4G,2,2G
NLD,2021-06-11,Europe,Netherlands,0.62,1,1G,2,2G,2,2G,4,4G,1,1G,1,1G,1,1G,3,3,2,2A,1,1,2,2G,2,2,1,1,2,2G,4,4G,2,2G
NLD,2021-06-12,Europe,Netherlands,0.62,,,,,,,,,,,,,,,,,,,,,,,,,,,,,,,,
NLD,2021-06-13,Europe,Netherlands,0.62,,,,,,,,,,,,,,,,,,,,,,,,,,,,,,,,
NLD,2021-06-14,Europe,Netherlands,0.63,,,,,,,,,,,,,,,,,,,,,,,,,,,,,,,,
NLD,2021-06-15,Europe,Netherlands,0.63,,,,,,,,,,,,,,,,,,,,,,,,,,,,,,,,
NLD,2021-06-16,Europe,Netherlands,,,,,,,,,,,,,,,,,,,,,,,,,,,,,,,,,
NLD,2021-06-17,Europe,Netherlands,,,,,,,,,,,,,,,,,,,,,,,,,,,,,,,,,
